risk_customer_id,enterprise_customer_id,risk_rating,credit_score,total_exposure,delinquency_days,last_assessment
RISK-9921,ECID-00001,LOW,785,4200000,0,2026-08-01
RISK-9922,ECID-00002,HIGH,610,3100000,45,2026-08-01
RISK-9923,ECID-00003,MEDIUM,690,1800000,0,2026-08-01
RISK-9924,ECID-00004,LOW,700,500000,0,2026-08-01
RISK-15005,ECID-00005,LOW,751,353000.0,0,2026-08-01
RISK-15006,ECID-00006,LOW,794,946000.0,45,2026-08-01
RISK-15007,ECID-00007,LOW,764,3374000.0,0,2026-08-01
RISK-15008,ECID-00008,MEDIUM,728,1375000.0,0,2026-08-01
RISK-15009,ECID-00009,MEDIUM,687,2596000.0,60,2026-08-01
RISK-15010,ECID-00010,HIGH,647,2226000.0,0,2026-08-01
RISK-15011,ECID-00011,LOW,773,1058000.0,45,2026-08-01
RISK-15012,ECID-00012,LOW,747,4745000.0,0,2026-08-01
RISK-15013,ECID-00013,HIGH,611,4977000.0,0,2026-08-01
RISK-15014,ECID-00014,MEDIUM,725,1537000.0,0,2026-08-01
RISK-15015,ECID-00015,MEDIUM,667,3695000.0,0,2026-08-01
RISK-15016,ECID-00016,HIGH,581,2151000.0,0,2026-08-01
RISK-15017,ECID-00017,HIGH,597,1245000.0,0,2026-08-01
RISK-15018,ECID-00018,LOW,770,4720000.0,0,2026-08-01
RISK-15019,ECID-00019,LOW,798,4692000.0,0,2026-08-01
RISK-15020,ECID-00020,LOW,818,3406000.0,0,2026-08-01
RISK-15021,ECID-00021,MEDIUM,722,4546000.0,0,2026-08-01
RISK-15022,ECID-00022,MEDIUM,729,4206000.0,0,2026-08-01
RISK-15023,ECID-00023,LOW,759,4886000.0,0,2026-08-01
RISK-15024,ECID-00024,MEDIUM,718,1665000.0,0,2026-08-01
RISK-15025,ECID-00025,LOW,773,4820000.0,0,2026-08-01
RISK-15026,ECID-00026,MEDIUM,685,2270000.0,45,2026-08-01
RISK-15027,ECID-00027,MEDIUM,698,2830000.0,0,2026-08-01
RISK-15028,ECID-00028,HIGH,571,4128000.0,0,2026-08-01
RISK-15029,ECID-00029,MEDIUM,678,3501000.0,15,2026-08-01
RISK-15030,ECID-00030,LOW,796,4482000.0,0,2026-08-01
RISK-15031,ECID-00031,LOW,780,864000.0,0,2026-08-01
RISK-15032,ECID-00032,MEDIUM,660,1633000.0,0,2026-08-01
RISK-15033,ECID-00033,LOW,761,4907000.0,0,2026-08-01
RISK-15034,ECID-00034,LOW,793,2457000.0,0,2026-08-01
RISK-15035,ECID-00035,LOW,754,2432000.0,0,2026-08-01
RISK-15036,ECID-00036,LOW,765,3515000.0,0,2026-08-01
RISK-15037,ECID-00037,LOW,753,3251000.0,0,2026-08-01
RISK-15038,ECID-00038,MEDIUM,717,3802000.0,0,2026-08-01
RISK-15039,ECID-00039,MEDIUM,690,2151000.0,0,2026-08-01
RISK-15040,ECID-00040,MEDIUM,702,3574000.0,0,2026-08-01
RISK-15041,ECID-00041,LOW,776,1622000.0,0,2026-08-01
RISK-15042,ECID-00042,LOW,746,748000.0,0,2026-08-01
RISK-15043,ECID-00043,LOW,806,4561000.0,0,2026-08-01
RISK-15044,ECID-00044,LOW,760,2362000.0,0,2026-08-01
RISK-15045,ECID-00045,LOW,747,3056000.0,0,2026-08-01
RISK-15046,ECID-00046,MEDIUM,671,4817000.0,0,2026-08-01
RISK-15047,ECID-00047,LOW,802,1870000.0,0,2026-08-01
RISK-15048,ECID-00048,LOW,740,2184000.0,0,2026-08-01
RISK-15049,ECID-00049,LOW,760,266000.0,0,2026-08-01
RISK-15050,ECID-00050,LOW,810,1115000.0,0,2026-08-01
RISK-15051,ECID-00051,LOW,759,2525000.0,0,2026-08-01
RISK-15052,ECID-00052,MEDIUM,679,4831000.0,0,2026-08-01
RISK-15053,ECID-00053,MEDIUM,710,586000.0,0,2026-08-01
RISK-15054,ECID-00054,LOW,751,3850000.0,0,2026-08-01
RISK-15055,ECID-00055,LOW,762,4380000.0,0,2026-08-01
RISK-15056,ECID-00056,MEDIUM,714,1400000.0,0,2026-08-01
RISK-15057,ECID-00057,MEDIUM,737,2584000.0,45,2026-08-01
RISK-15058,ECID-00058,MEDIUM,671,1768000.0,0,2026-08-01
RISK-15059,ECID-00059,HIGH,578,3820000.0,0,2026-08-01
RISK-15060,ECID-00060,LOW,788,3439000.0,0,2026-08-01
RISK-15061,ECID-00061,LOW,752,851000.0,0,2026-08-01
RISK-15062,ECID-00062,MEDIUM,687,2335000.0,0,2026-08-01
RISK-15063,ECID-00063,MEDIUM,666,1369000.0,0,2026-08-01
RISK-15064,ECID-00064,MEDIUM,682,3373000.0,0,2026-08-01
RISK-15065,ECID-00065,LOW,804,408000.0,0,2026-08-01
RISK-15066,ECID-00066,LOW,817,806000.0,0,2026-08-01
RISK-15067,ECID-00067,LOW,767,4463000.0,0,2026-08-01
RISK-15068,ECID-00068,MEDIUM,731,3015000.0,0,2026-08-01
RISK-15069,ECID-00069,LOW,768,4258000.0,0,2026-08-01
RISK-15070,ECID-00070,MEDIUM,703,229000.0,60,2026-08-01
RISK-15071,ECID-00071,MEDIUM,666,592000.0,0,2026-08-01
RISK-15072,ECID-00072,MEDIUM,667,1181000.0,30,2026-08-01
RISK-15073,ECID-00073,HIGH,633,2141000.0,0,2026-08-01
RISK-15074,ECID-00074,MEDIUM,699,1830000.0,0,2026-08-01
RISK-15075,ECID-00075,MEDIUM,682,934000.0,0,2026-08-01
RISK-15076,ECID-00076,MEDIUM,695,470000.0,0,2026-08-01
RISK-15077,ECID-00077,MEDIUM,701,2483000.0,0,2026-08-01
RISK-15078,ECID-00078,MEDIUM,707,2060000.0,0,2026-08-01
RISK-15079,ECID-00079,HIGH,644,879000.0,0,2026-08-01
RISK-15080,ECID-00080,LOW,807,3418000.0,0,2026-08-01
RISK-15081,ECID-00081,LOW,807,1816000.0,0,2026-08-01
RISK-15082,ECID-00082,LOW,797,1348000.0,60,2026-08-01
RISK-15083,ECID-00083,MEDIUM,707,4685000.0,0,2026-08-01
RISK-15084,ECID-00084,LOW,746,1995000.0,0,2026-08-01
RISK-15085,ECID-00085,MEDIUM,738,4548000.0,0,2026-08-01
RISK-15086,ECID-00086,LOW,803,279000.0,0,2026-08-01
RISK-15087,ECID-00087,LOW,789,3251000.0,45,2026-08-01
RISK-15088,ECID-00088,LOW,801,503000.0,0,2026-08-01
RISK-15089,ECID-00089,LOW,785,1793000.0,0,2026-08-01
RISK-15090,ECID-00090,MEDIUM,737,2818000.0,0,2026-08-01
RISK-15091,ECID-00091,HIGH,645,3260000.0,0,2026-08-01
RISK-15092,ECID-00092,LOW,817,2360000.0,0,2026-08-01
RISK-15093,ECID-00093,HIGH,596,3531000.0,30,2026-08-01
RISK-15094,ECID-00094,LOW,762,1276000.0,30,2026-08-01
RISK-15095,ECID-00095,HIGH,600,3283000.0,0,2026-08-01
RISK-15096,ECID-00096,HIGH,601,4687000.0,0,2026-08-01
RISK-15097,ECID-00097,MEDIUM,681,3198000.0,45,2026-08-01
RISK-15098,ECID-00098,MEDIUM,716,2524000.0,0,2026-08-01
RISK-15099,ECID-00099,LOW,797,665000.0,0,2026-08-01
RISK-15100,ECID-00100,LOW,790,4840000.0,0,2026-08-01
