MBLNR,MJAHR,BLDAT,BUDAT
5000000000,2024,2024-05-10,2024-05-10
5000000001,2024,2024-06-09,2024-06-09
5000000002,2024,2024-02-04,2024-02-04
5000000003,2025,2024-03-01,2024-03-03
5000000004,2025,2025-06-16,2025-06-18
5000000005,2024,2024-01-28,2024-01-28
5000000006,2024,2024-07-09,2024-07-09
5000000007,2025,2024-07-02,2024-07-05
5000000008,2024,2024-10-04,2024-10-05
5000000009,2025,2024-02-16,2024-02-19
5000000010,2025,2025-08-03,2025-08-04
5000000011,2025,2025-06-26,2025-06-29
5000000012,2024,2024-03-06,2024-03-07
5000000013,2024,2024-07-31,2024-08-01
5000000014,2025,2024-01-31,2024-02-03
5000000015,2024,2024-04-22,2024-04-23
5000000016,2024,2024-09-10,2024-09-11
5000000017,2025,2024-02-05,2024-02-07
5000000018,2024,2024-03-25,2024-03-25
5000000019,2025,2024-02-03,2024-02-05
5000000020,2025,2024-07-10,2024-07-12
5000000021,2025,2024-03-28,2024-03-28
5000000022,2024,2024-03-13,2024-03-13
5000000023,2024,2025-12-29,2025-12-30
5000000024,2024,2024-12-22,2024-12-23
5000000025,2025,2024-06-14,2024-06-15
5000000026,2025,2024-08-09,2024-08-10
5000000027,2024,2025-10-11,2025-10-12
5000000028,2024,2025-01-13,2025-01-16
5000000029,2024,2024-07-25,2024-07-28
5000000030,2024,2025-11-29,2025-11-29
5000000031,2025,2024-08-21,2024-08-22
5000000032,2025,2024-05-08,2024-05-09
5000000033,2025,2024-06-27,2024-06-27
5000000034,2025,2024-02-01,2024-02-01
5000000035,2025,2024-11-05,2024-11-07
5000000036,2024,2025-05-15,2025-05-16
5000000037,2024,2024-05-31,2024-05-31
5000000038,2024,2024-07-09,2024-07-12
5000000039,2024,2025-07-13,2025-07-16
5000000040,2024,2025-08-18,2025-08-21
5000000041,2025,2025-02-19,2025-02-22
5000000042,2024,2024-07-16,2024-07-16
5000000043,2025,2025-11-11,2025-11-13
5000000044,2025,2025-01-04,2025-01-06
5000000045,2024,2024-03-03,2024-03-04
5000000046,2025,2024-12-21,2024-12-21
5000000047,2025,2024-10-30,2024-10-30
5000000048,2024,2024-05-28,2024-05-28
5000000049,2025,2025-08-27,2025-08-30
5000000050,2024,2024-08-26,2024-08-28
5000000051,2025,2025-07-07,2025-07-08
5000000052,2024,2024-11-26,2024-11-26
5000000053,2025,2025-12-26,2025-12-28
5000000054,2025,2025-10-09,2025-10-09
5000000055,2025,2024-09-23,2024-09-24
5000000056,2024,2025-05-11,2025-05-14
5000000057,2025,2024-09-17,2024-09-19
5000000058,2025,2025-11-10,2025-11-10
5000000059,2024,2025-03-04,2025-03-06
5000000060,2024,2024-08-16,2024-08-19
5000000061,2024,2024-09-03,2024-09-04
5000000062,2024,2025-05-25,2025-05-27
5000000063,2024,2025-06-25,2025-06-27
5000000064,2024,2025-08-31,2025-09-03
5000000065,2024,2024-04-18,2024-04-21
5000000066,2024,2024-09-21,2024-09-24
5000000067,2024,2024-05-03,2024-05-06
5000000068,2024,2024-08-27,2024-08-29
5000000069,2025,2025-05-03,2025-05-05
5000000070,2024,2024-12-30,2024-12-30
5000000071,2025,2025-06-19,2025-06-20
5000000072,2024,2024-08-09,2024-08-11
5000000073,2025,2024-04-20,2024-04-23
5000000074,2024,2024-12-08,2024-12-10
5000000075,2024,2025-05-29,2025-06-01
5000000076,2024,2024-08-05,2024-08-07
5000000077,2025,2025-05-29,2025-05-30
5000000078,2024,2025-10-04,2025-10-06
5000000079,2025,2024-03-28,2024-03-30
5000000080,2024,2025-02-02,2025-02-03
5000000081,2025,2025-01-13,2025-01-14
5000000082,2024,2024-08-25,2024-08-25
5000000083,2025,2025-02-08,2025-02-10
5000000084,2024,2024-08-21,2024-08-23
5000000085,2024,2025-06-09,2025-06-10
5000000086,2024,2025-12-05,2025-12-07
5000000087,2024,2025-11-21,2025-11-24
5000000088,2025,2024-11-25,2024-11-26
5000000089,2024,2025-05-21,2025-05-23
5000000090,2024,2025-01-26,2025-01-27
5000000091,2025,2024-11-10,2024-11-13
5000000092,2025,2025-07-26,2025-07-27
5000000093,2025,2024-09-26,2024-09-26
5000000094,2025,2024-10-24,2024-10-24
5000000095,2025,2025-12-26,2025-12-26
5000000096,2025,2025-11-17,2025-11-17
5000000097,2025,2025-11-12,2025-11-12
5000000098,2025,2025-02-12,2025-02-15
5000000099,2024,2024-11-20,2024-11-21
5000000100,2024,2025-04-07,2025-04-08
5000000101,2025,2025-09-29,2025-09-30
5000000102,2025,2024-09-24,2024-09-26
5000000103,2025,2025-09-29,2025-10-01
5000000104,2025,2025-10-16,2025-10-16
5000000105,2024,2025-06-16,2025-06-17
5000000106,2025,2024-07-01,2024-07-03
5000000107,2025,2024-01-28,2024-01-28
5000000108,2025,2024-11-06,2024-11-08
5000000109,2025,2025-04-22,2025-04-22
5000000110,2024,2025-09-22,2025-09-22
5000000111,2025,2025-06-26,2025-06-27
5000000112,2024,2024-03-10,2024-03-10
5000000113,2025,2025-04-03,2025-04-05
5000000114,2025,2025-03-12,2025-03-13
5000000115,2024,2025-04-23,2025-04-26
5000000116,2024,2024-06-13,2024-06-13
5000000117,2025,2025-10-16,2025-10-18
5000000118,2025,2024-02-03,2024-02-05
5000000119,2025,2025-04-07,2025-04-08
5000000120,2024,2025-08-20,2025-08-22
5000000121,2024,2025-09-05,2025-09-08
5000000122,2025,2024-12-05,2024-12-08
5000000123,2024,2024-11-02,2024-11-05
5000000124,2025,2024-02-02,2024-02-04
5000000125,2024,2025-10-06,2025-10-07
5000000126,2024,2024-07-07,2024-07-08
5000000127,2024,2024-11-27,2024-11-27
5000000128,2024,2025-09-03,2025-09-05
5000000129,2024,2025-10-09,2025-10-10
5000000130,2024,2024-12-21,2024-12-22
5000000131,2025,2024-11-25,2024-11-25
5000000132,2025,2025-05-23,2025-05-25
5000000133,2025,2025-09-16,2025-09-16
5000000134,2025,2025-02-02,2025-02-02
5000000135,2024,2025-11-19,2025-11-21
5000000136,2024,2025-06-05,2025-06-07
5000000137,2024,2025-08-06,2025-08-06
5000000138,2024,2024-05-03,2024-05-03
5000000139,2025,2025-11-29,2025-12-02
5000000140,2024,2025-01-08,2025-01-08
5000000141,2024,2025-09-07,2025-09-09
5000000142,2025,2025-08-20,2025-08-21
5000000143,2025,2025-02-01,2025-02-03
5000000144,2025,2024-12-28,2024-12-28
5000000145,2024,2025-04-25,2025-04-26
5000000146,2024,2025-06-08,2025-06-10
5000000147,2025,2024-03-31,2024-03-31
5000000148,2024,2025-11-15,2025-11-16
5000000149,2024,2025-10-06,2025-10-09
5000000150,2024,2025-05-11,2025-05-14
5000000151,2025,2024-03-11,2024-03-12
5000000152,2025,2024-09-01,2024-09-03
5000000153,2024,2024-09-18,2024-09-20
5000000154,2025,2025-08-28,2025-08-28
5000000155,2025,2024-06-17,2024-06-18
5000000156,2025,2024-04-07,2024-04-08
5000000157,2025,2025-04-29,2025-04-30
5000000158,2025,2024-08-26,2024-08-29
5000000159,2025,2025-07-20,2025-07-22
5000000160,2024,2024-02-14,2024-02-15
5000000161,2024,2025-10-13,2025-10-15
5000000162,2025,2024-04-12,2024-04-12
5000000163,2025,2025-12-06,2025-12-08
5000000164,2025,2025-06-23,2025-06-25
5000000165,2024,2024-10-28,2024-10-31
5000000166,2024,2024-11-09,2024-11-10
5000000167,2024,2024-10-17,2024-10-19
5000000168,2025,2024-06-12,2024-06-14
5000000169,2025,2025-02-07,2025-02-09
5000000170,2024,2024-03-25,2024-03-28
5000000171,2024,2024-08-12,2024-08-13
5000000172,2025,2024-09-14,2024-09-15
5000000173,2025,2025-06-23,2025-06-24
5000000174,2024,2024-10-31,2024-10-31
5000000175,2025,2025-09-10,2025-09-13
5000000176,2024,2025-06-26,2025-06-27
5000000177,2025,2024-10-14,2024-10-16
5000000178,2025,2025-07-31,2025-07-31
5000000179,2024,2024-05-18,2024-05-18
5000000180,2024,2024-11-12,2024-11-13
5000000181,2025,2025-03-31,2025-04-01
5000000182,2025,2025-09-19,2025-09-19
5000000183,2024,2025-06-12,2025-06-15
5000000184,2025,2024-01-30,2024-02-02
5000000185,2024,2025-07-06,2025-07-09
5000000186,2024,2025-09-30,2025-10-02
5000000187,2025,2024-03-19,2024-03-21
5000000188,2024,2025-06-02,2025-06-04
5000000189,2025,2024-02-19,2024-02-19
5000000190,2024,2024-05-09,2024-05-10
5000000191,2024,2024-02-04,2024-02-04
5000000192,2024,2024-11-15,2024-11-16
5000000193,2024,2025-01-09,2025-01-09
5000000194,2024,2025-02-20,2025-02-21
5000000195,2025,2024-07-29,2024-07-29
5000000196,2024,2024-02-07,2024-02-10
5000000197,2025,2024-11-29,2024-12-01
5000000198,2025,2025-03-18,2025-03-18
5000000199,2024,2024-10-15,2024-10-16
5000000200,2024,2025-01-28,2025-01-29
5000000201,2024,2024-11-07,2024-11-10
5000000202,2024,2025-03-13,2025-03-15
5000000203,2024,2024-10-05,2024-10-06
5000000204,2024,2025-06-07,2025-06-10
5000000205,2024,2024-12-17,2024-12-18
5000000206,2025,2024-09-18,2024-09-18
5000000207,2024,2025-10-16,2025-10-19
5000000208,2025,2025-05-29,2025-05-30
5000000209,2025,2025-12-29,2026-01-01
5000000210,2025,2024-11-06,2024-11-07
5000000211,2025,2025-11-19,2025-11-21
5000000212,2025,2025-03-17,2025-03-20
5000000213,2024,2024-01-06,2024-01-09
5000000214,2025,2025-11-26,2025-11-27
5000000215,2024,2024-12-10,2024-12-11
5000000216,2025,2025-09-29,2025-10-01
5000000217,2024,2024-07-04,2024-07-04
5000000218,2025,2024-04-20,2024-04-23
5000000219,2024,2024-02-28,2024-02-29
5000000220,2024,2025-06-20,2025-06-22
5000000221,2025,2024-02-04,2024-02-05
5000000222,2024,2025-12-15,2025-12-16
5000000223,2024,2024-06-22,2024-06-25
5000000224,2025,2025-03-29,2025-04-01
5000000225,2024,2025-10-06,2025-10-09
5000000226,2025,2024-09-06,2024-09-09
5000000227,2024,2024-06-02,2024-06-03
5000000228,2025,2024-08-11,2024-08-11
5000000229,2025,2025-01-22,2025-01-23
5000000230,2025,2024-03-07,2024-03-07
5000000231,2025,2025-03-11,2025-03-12
5000000232,2024,2025-01-25,2025-01-27
5000000233,2024,2025-04-01,2025-04-02
5000000234,2025,2024-06-08,2024-06-10
5000000235,2025,2024-06-09,2024-06-09
5000000236,2025,2025-09-24,2025-09-26
5000000237,2024,2024-09-07,2024-09-09
5000000238,2024,2025-03-29,2025-04-01
5000000239,2024,2025-02-14,2025-02-14
5000000240,2024,2025-06-14,2025-06-15
5000000241,2024,2024-07-18,2024-07-18
5000000242,2025,2025-01-30,2025-02-02
5000000243,2025,2025-12-27,2025-12-30
5000000244,2024,2025-02-28,2025-03-02
5000000245,2024,2024-04-30,2024-05-01
5000000246,2025,2025-04-20,2025-04-21
5000000247,2025,2024-09-20,2024-09-22
5000000248,2025,2025-12-06,2025-12-08
5000000249,2024,2024-04-12,2024-04-14
5000000250,2024,2024-07-25,2024-07-26
5000000251,2025,2024-08-11,2024-08-13
5000000252,2025,2025-03-01,2025-03-03
5000000253,2025,2025-09-21,2025-09-21
5000000254,2025,2024-03-15,2024-03-15
5000000255,2025,2024-12-30,2024-12-30
5000000256,2024,2025-04-18,2025-04-21
5000000257,2025,2025-01-08,2025-01-08
5000000258,2024,2025-09-10,2025-09-10
5000000259,2024,2024-02-06,2024-02-07
5000000260,2024,2025-04-02,2025-04-05
5000000261,2025,2025-12-12,2025-12-12
5000000262,2024,2024-08-22,2024-08-25
5000000263,2025,2024-10-25,2024-10-26
5000000264,2025,2025-06-02,2025-06-03
5000000265,2025,2024-11-14,2024-11-14
5000000266,2024,2024-12-10,2024-12-11
5000000267,2025,2024-07-10,2024-07-12
5000000268,2024,2024-01-10,2024-01-10
5000000269,2025,2024-10-13,2024-10-15
5000000270,2025,2025-03-26,2025-03-29
5000000271,2025,2024-09-04,2024-09-04
5000000272,2025,2024-07-19,2024-07-21
5000000273,2024,2025-01-02,2025-01-03
5000000274,2024,2024-12-25,2024-12-25
5000000275,2025,2025-10-09,2025-10-10
5000000276,2024,2024-08-13,2024-08-16
5000000277,2025,2024-03-26,2024-03-26
5000000278,2024,2025-03-10,2025-03-12
5000000279,2024,2024-06-06,2024-06-06
5000000280,2024,2025-12-12,2025-12-15
5000000281,2025,2025-03-26,2025-03-28
5000000282,2025,2025-10-19,2025-10-20
5000000283,2025,2024-08-30,2024-08-31
5000000284,2024,2024-01-30,2024-01-31
5000000285,2025,2025-02-22,2025-02-23
5000000286,2025,2024-06-24,2024-06-25
5000000287,2025,2025-06-11,2025-06-14
5000000288,2025,2024-10-04,2024-10-06
5000000289,2025,2025-11-22,2025-11-25
5000000290,2025,2025-05-28,2025-05-29
5000000291,2024,2024-09-05,2024-09-08
5000000292,2024,2025-06-01,2025-06-04
5000000293,2024,2025-01-25,2025-01-28
5000000294,2025,2025-12-29,2025-12-30
5000000295,2025,2024-08-02,2024-08-03
5000000296,2025,2024-01-15,2024-01-17
5000000297,2025,2024-11-21,2024-11-24
5000000298,2025,2024-06-08,2024-06-08
5000000299,2025,2024-05-28,2024-05-31
5000000300,2025,2025-07-26,2025-07-26
5000000301,2024,2025-01-05,2025-01-08
5000000302,2025,2024-11-23,2024-11-24
5000000303,2024,2025-12-03,2025-12-04
5000000304,2024,2024-03-23,2024-03-26
5000000305,2025,2024-04-28,2024-04-29
5000000306,2025,2024-12-18,2024-12-20
5000000307,2025,2025-03-10,2025-03-12
5000000308,2024,2024-04-07,2024-04-09
5000000309,2024,2024-08-27,2024-08-29
5000000310,2025,2024-11-14,2024-11-17
5000000311,2025,2024-04-27,2024-04-30
5000000312,2024,2024-05-10,2024-05-12
5000000313,2024,2024-03-07,2024-03-09
5000000314,2024,2025-07-12,2025-07-15
5000000315,2024,2024-09-29,2024-10-01
5000000316,2025,2025-06-15,2025-06-16
5000000317,2025,2025-09-27,2025-09-30
5000000318,2025,2024-08-29,2024-08-30
5000000319,2024,2024-11-14,2024-11-14
5000000320,2024,2025-08-22,2025-08-25
5000000321,2024,2025-12-22,2025-12-22
5000000322,2025,2024-09-08,2024-09-10
5000000323,2024,2025-11-11,2025-11-11
5000000324,2024,2025-06-04,2025-06-07
5000000325,2025,2024-12-30,2025-01-02
5000000326,2024,2025-10-24,2025-10-24
5000000327,2024,2025-07-05,2025-07-06
5000000328,2025,2025-03-11,2025-03-13
5000000329,2025,2024-12-04,2024-12-04
5000000330,2025,2025-01-17,2025-01-17
5000000331,2025,2025-05-02,2025-05-05
5000000332,2024,2025-12-06,2025-12-06
5000000333,2024,2025-08-27,2025-08-30
5000000334,2025,2025-07-09,2025-07-12
5000000335,2024,2025-10-13,2025-10-14
5000000336,2025,2024-05-03,2024-05-05
5000000337,2025,2025-12-31,2026-01-02
5000000338,2025,2024-12-05,2024-12-05
5000000339,2024,2025-02-18,2025-02-20
5000000340,2024,2024-07-28,2024-07-30
5000000341,2025,2025-05-06,2025-05-09
5000000342,2024,2025-05-22,2025-05-24
5000000343,2024,2024-03-23,2024-03-24
5000000344,2025,2024-03-23,2024-03-26
5000000345,2024,2025-03-10,2025-03-12
5000000346,2024,2025-11-23,2025-11-26
5000000347,2025,2025-12-11,2025-12-11
5000000348,2024,2024-06-24,2024-06-27
5000000349,2024,2024-01-11,2024-01-12
5000000350,2024,2025-09-03,2025-09-03
5000000351,2025,2024-07-17,2024-07-18
5000000352,2024,2025-02-16,2025-02-19
5000000353,2024,2025-05-17,2025-05-19
5000000354,2025,2024-09-23,2024-09-26
5000000355,2024,2025-04-16,2025-04-18
5000000356,2024,2024-09-01,2024-09-03
5000000357,2025,2024-06-03,2024-06-06
5000000358,2024,2025-07-22,2025-07-23
5000000359,2025,2025-03-14,2025-03-16
5000000360,2025,2025-02-02,2025-02-05
5000000361,2025,2025-03-15,2025-03-16
5000000362,2025,2025-03-20,2025-03-20
5000000363,2025,2025-10-08,2025-10-09
5000000364,2025,2025-06-19,2025-06-19
5000000365,2025,2024-06-29,2024-07-01
5000000366,2024,2025-10-08,2025-10-11
5000000367,2024,2025-04-12,2025-04-15
5000000368,2024,2025-10-29,2025-11-01
5000000369,2024,2025-05-12,2025-05-14
5000000370,2024,2024-02-26,2024-02-27
5000000371,2024,2025-02-02,2025-02-04
5000000372,2025,2025-02-22,2025-02-25
5000000373,2024,2025-01-08,2025-01-11
5000000374,2025,2025-05-02,2025-05-03
5000000375,2025,2025-12-24,2025-12-26
5000000376,2025,2024-01-09,2024-01-09
5000000377,2025,2024-11-16,2024-11-16
5000000378,2024,2025-09-13,2025-09-16
5000000379,2025,2025-02-05,2025-02-05
5000000380,2025,2024-11-10,2024-11-13
5000000381,2024,2025-01-07,2025-01-07
5000000382,2025,2024-09-06,2024-09-06
5000000383,2024,2025-03-21,2025-03-21
5000000384,2024,2025-09-18,2025-09-18
5000000385,2025,2024-09-21,2024-09-23
5000000386,2024,2025-07-02,2025-07-04
5000000387,2024,2025-09-06,2025-09-07
5000000388,2024,2024-11-30,2024-11-30
5000000389,2025,2024-01-14,2024-01-17
5000000390,2025,2025-06-15,2025-06-18
5000000391,2025,2025-12-04,2025-12-07
5000000392,2025,2025-08-17,2025-08-20
5000000393,2025,2024-07-10,2024-07-12
5000000394,2024,2025-01-27,2025-01-27
5000000395,2024,2025-06-24,2025-06-27
5000000396,2025,2025-08-31,2025-09-01
5000000397,2024,2025-04-13,2025-04-15
5000000398,2025,2025-08-21,2025-08-23
5000000399,2025,2025-11-19,2025-11-20
5000000400,2025,2025-01-03,2025-01-03
5000000401,2024,2025-05-11,2025-05-12
5000000402,2024,2024-08-19,2024-08-22
5000000403,2024,2024-06-05,2024-06-05
5000000404,2024,2024-11-11,2024-11-12
5000000405,2024,2025-03-23,2025-03-26
5000000406,2025,2025-07-04,2025-07-05
5000000407,2024,2024-01-14,2024-01-15
5000000408,2024,2024-06-06,2024-06-08
5000000409,2025,2024-12-07,2024-12-07
5000000410,2025,2025-12-17,2025-12-18
5000000411,2024,2024-04-19,2024-04-19
5000000412,2025,2025-06-27,2025-06-27
5000000413,2024,2025-09-02,2025-09-04
5000000414,2024,2024-05-24,2024-05-27
5000000415,2024,2025-10-11,2025-10-14
5000000416,2024,2025-09-10,2025-09-12
5000000417,2025,2024-07-04,2024-07-05
5000000418,2025,2024-04-09,2024-04-11
5000000419,2025,2025-11-06,2025-11-08
5000000420,2025,2024-03-20,2024-03-21
5000000421,2025,2025-05-01,2025-05-02
5000000422,2024,2025-09-27,2025-09-27
5000000423,2025,2024-12-15,2024-12-17
5000000424,2025,2024-11-10,2024-11-13
5000000425,2024,2025-05-13,2025-05-15
5000000426,2024,2024-09-05,2024-09-07
5000000427,2024,2024-03-20,2024-03-21
5000000428,2025,2024-01-07,2024-01-07
5000000429,2025,2024-11-07,2024-11-09
5000000430,2024,2025-01-03,2025-01-06
5000000431,2024,2025-03-11,2025-03-13
5000000432,2024,2025-05-18,2025-05-18
5000000433,2024,2025-10-19,2025-10-19
5000000434,2024,2024-07-12,2024-07-15
5000000435,2025,2025-03-12,2025-03-12
5000000436,2024,2025-04-24,2025-04-25
5000000437,2024,2024-01-18,2024-01-20
5000000438,2024,2024-05-07,2024-05-07
5000000439,2025,2024-05-22,2024-05-25
5000000440,2025,2025-09-19,2025-09-21
5000000441,2025,2024-12-05,2024-12-05
5000000442,2025,2025-11-03,2025-11-05
5000000443,2025,2024-11-08,2024-11-10
5000000444,2024,2024-05-28,2024-05-31
5000000445,2025,2025-09-29,2025-10-02
5000000446,2024,2025-11-01,2025-11-02
5000000447,2025,2024-04-01,2024-04-02
5000000448,2025,2024-06-26,2024-06-29
5000000449,2025,2024-06-20,2024-06-21
5000000450,2024,2025-07-29,2025-07-30
5000000451,2025,2024-11-25,2024-11-26
5000000452,2025,2024-07-25,2024-07-26
5000000453,2024,2024-05-10,2024-05-10
5000000454,2024,2024-08-03,2024-08-05
5000000455,2024,2024-12-09,2024-12-11
5000000456,2025,2024-07-24,2024-07-25
5000000457,2025,2024-12-13,2024-12-14
5000000458,2025,2025-03-06,2025-03-06
5000000459,2025,2024-09-18,2024-09-21
5000000460,2025,2024-01-18,2024-01-18
5000000461,2025,2024-04-19,2024-04-20
5000000462,2024,2025-07-22,2025-07-24
5000000463,2024,2024-05-10,2024-05-10
5000000464,2024,2025-09-24,2025-09-27
5000000465,2025,2025-10-16,2025-10-18
5000000466,2024,2024-10-02,2024-10-05
5000000467,2025,2024-12-15,2024-12-18
5000000468,2025,2024-04-12,2024-04-14
5000000469,2025,2024-01-07,2024-01-08
5000000470,2024,2025-09-29,2025-10-02
5000000471,2025,2025-08-06,2025-08-07
5000000472,2024,2024-04-30,2024-05-01
5000000473,2024,2024-10-23,2024-10-23
5000000474,2024,2024-07-28,2024-07-29
5000000475,2025,2025-02-22,2025-02-25
5000000476,2024,2024-03-09,2024-03-09
5000000477,2025,2025-12-01,2025-12-03
5000000478,2025,2024-05-27,2024-05-30
5000000479,2025,2025-09-16,2025-09-19
5000000480,2025,2024-06-20,2024-06-20
5000000481,2024,2024-05-22,2024-05-22
5000000482,2024,2024-05-07,2024-05-09
5000000483,2024,2024-10-06,2024-10-07
5000000484,2024,2025-12-09,2025-12-11
5000000485,2025,2024-05-09,2024-05-11
5000000486,2025,2024-10-10,2024-10-11
5000000487,2025,2024-12-11,2024-12-12
5000000488,2024,2024-06-05,2024-06-07
5000000489,2025,2025-05-14,2025-05-14
5000000490,2025,2025-09-13,2025-09-16
5000000491,2024,2025-03-26,2025-03-26
5000000492,2024,2025-04-30,2025-04-30
5000000493,2024,2024-03-29,2024-04-01
5000000494,2024,2024-01-26,2024-01-26
5000000495,2025,2025-03-01,2025-03-03
5000000496,2025,2024-12-31,2024-12-31
5000000497,2024,2025-01-11,2025-01-13
5000000498,2025,2025-10-19,2025-10-21
5000000499,2024,2024-03-31,2024-04-01
5000000500,2024,2024-07-07,2024-07-08
5000000501,2025,2025-06-07,2025-06-09
5000000502,2024,2025-03-24,2025-03-27
5000000503,2024,2025-11-30,2025-12-03
5000000504,2024,2024-02-11,2024-02-12
5000000505,2024,2025-02-13,2025-02-14
5000000506,2025,2024-09-15,2024-09-15
5000000507,2025,2024-07-24,2024-07-27
5000000508,2025,2024-10-18,2024-10-19
5000000509,2025,2025-02-03,2025-02-06
5000000510,2024,2025-09-21,2025-09-22
5000000511,2025,2025-05-10,2025-05-10
5000000512,2024,2024-05-06,2024-05-09
5000000513,2025,2024-07-07,2024-07-08
5000000514,2024,2025-01-12,2025-01-13
5000000515,2025,2024-07-14,2024-07-14
5000000516,2024,2024-08-05,2024-08-05
5000000517,2025,2024-05-22,2024-05-23
5000000518,2025,2024-09-05,2024-09-07
5000000519,2025,2025-10-03,2025-10-06
5000000520,2024,2025-03-24,2025-03-25
5000000521,2024,2025-08-30,2025-09-02
5000000522,2024,2024-10-04,2024-10-05
5000000523,2025,2024-11-12,2024-11-14
5000000524,2024,2024-08-01,2024-08-01
5000000525,2025,2024-10-23,2024-10-23
5000000526,2025,2024-01-02,2024-01-05
5000000527,2024,2025-08-27,2025-08-28
5000000528,2024,2025-01-21,2025-01-22
5000000529,2024,2024-09-03,2024-09-03
5000000530,2024,2025-11-11,2025-11-13
5000000531,2024,2024-12-08,2024-12-10
5000000532,2024,2024-12-24,2024-12-24
5000000533,2024,2024-10-11,2024-10-14
5000000534,2025,2024-04-12,2024-04-12
5000000535,2025,2025-11-21,2025-11-23
5000000536,2024,2025-01-14,2025-01-15
5000000537,2024,2024-10-04,2024-10-04
5000000538,2024,2025-04-08,2025-04-08
5000000539,2024,2025-04-24,2025-04-27
5000000540,2025,2025-06-28,2025-06-29
5000000541,2025,2024-09-18,2024-09-21
5000000542,2024,2025-06-13,2025-06-14
5000000543,2025,2024-06-25,2024-06-27
5000000544,2025,2025-08-25,2025-08-27
5000000545,2025,2024-01-17,2024-01-17
5000000546,2024,2024-10-10,2024-10-12
5000000547,2024,2024-03-29,2024-03-30
5000000548,2024,2025-02-15,2025-02-17
5000000549,2025,2025-06-18,2025-06-21
5000000550,2025,2025-07-01,2025-07-04
5000000551,2025,2024-11-12,2024-11-15
5000000552,2024,2025-12-25,2025-12-25
5000000553,2024,2025-12-18,2025-12-19
5000000554,2024,2025-12-16,2025-12-19
5000000555,2025,2025-07-22,2025-07-23
5000000556,2025,2024-11-08,2024-11-11
5000000557,2025,2024-11-21,2024-11-24
5000000558,2024,2025-03-05,2025-03-08
5000000559,2025,2024-05-23,2024-05-23
5000000560,2025,2024-07-15,2024-07-17
5000000561,2024,2025-03-07,2025-03-07
5000000562,2025,2025-07-02,2025-07-02
5000000563,2025,2024-07-28,2024-07-30
5000000564,2025,2024-08-10,2024-08-11
5000000565,2024,2025-08-19,2025-08-20
5000000566,2024,2025-03-06,2025-03-08
5000000567,2024,2024-01-01,2024-01-02
5000000568,2025,2025-09-17,2025-09-17
5000000569,2025,2024-10-04,2024-10-07
5000000570,2025,2024-04-24,2024-04-25
5000000571,2024,2024-07-17,2024-07-20
5000000572,2024,2025-02-24,2025-02-26
5000000573,2025,2025-07-11,2025-07-11
5000000574,2024,2025-06-30,2025-07-03
5000000575,2025,2025-07-03,2025-07-06
5000000576,2025,2024-04-25,2024-04-26
5000000577,2025,2024-08-04,2024-08-05
5000000578,2025,2024-07-19,2024-07-21
5000000579,2024,2025-11-07,2025-11-07
5000000580,2024,2025-05-27,2025-05-29
5000000581,2025,2025-08-31,2025-09-02
5000000582,2024,2025-04-28,2025-04-28
5000000583,2024,2025-03-05,2025-03-05
5000000584,2025,2024-12-25,2024-12-28
5000000585,2025,2024-12-20,2024-12-23
5000000586,2025,2025-01-26,2025-01-27
5000000587,2024,2024-06-07,2024-06-08
5000000588,2025,2025-07-28,2025-07-29
5000000589,2025,2024-01-30,2024-02-02
5000000590,2025,2024-10-12,2024-10-13
5000000591,2024,2025-05-02,2025-05-04
5000000592,2025,2024-10-27,2024-10-29
5000000593,2025,2025-07-17,2025-07-17
5000000594,2024,2025-03-25,2025-03-27
5000000595,2025,2024-09-28,2024-10-01
5000000596,2025,2025-05-17,2025-05-18
5000000597,2025,2024-03-10,2024-03-12
5000000598,2025,2025-08-21,2025-08-24
5000000599,2024,2025-08-05,2025-08-08
5000000600,2025,2025-03-24,2025-03-26
5000000601,2024,2024-03-12,2024-03-15
5000000602,2025,2025-02-18,2025-02-20
5000000603,2024,2024-03-14,2024-03-15
5000000604,2025,2025-03-13,2025-03-15
5000000605,2025,2024-04-14,2024-04-17
5000000606,2024,2024-04-19,2024-04-21
5000000607,2024,2025-01-30,2025-02-01
5000000608,2024,2024-07-19,2024-07-21
5000000609,2025,2024-07-03,2024-07-04
5000000610,2024,2024-10-11,2024-10-11
5000000611,2024,2025-12-03,2025-12-05
5000000612,2024,2024-07-03,2024-07-04
5000000613,2025,2024-09-25,2024-09-26
5000000614,2025,2025-05-24,2025-05-25
5000000615,2025,2024-12-08,2024-12-11
5000000616,2024,2025-10-02,2025-10-03
5000000617,2025,2024-01-30,2024-01-30
5000000618,2025,2025-03-02,2025-03-03
5000000619,2025,2024-06-30,2024-07-02
5000000620,2025,2025-12-04,2025-12-04
5000000621,2024,2024-02-08,2024-02-09
5000000622,2024,2024-08-03,2024-08-06
5000000623,2024,2025-07-04,2025-07-07
5000000624,2024,2025-03-17,2025-03-17
5000000625,2024,2024-09-19,2024-09-21
5000000626,2024,2024-08-25,2024-08-27
5000000627,2025,2025-07-04,2025-07-05
5000000628,2025,2025-09-08,2025-09-11
5000000629,2025,2025-01-09,2025-01-10
5000000630,2024,2025-02-26,2025-03-01
5000000631,2025,2024-11-03,2024-11-05
5000000632,2025,2025-12-11,2025-12-14
5000000633,2025,2025-03-15,2025-03-16
5000000634,2024,2024-12-20,2024-12-22
5000000635,2025,2025-09-12,2025-09-13
5000000636,2025,2025-06-12,2025-06-12
5000000637,2025,2025-05-20,2025-05-20
5000000638,2025,2025-02-18,2025-02-20
5000000639,2024,2024-05-26,2024-05-27
5000000640,2025,2024-02-11,2024-02-12
5000000641,2024,2024-06-19,2024-06-19
5000000642,2024,2024-03-13,2024-03-16
5000000643,2025,2024-07-04,2024-07-06
5000000644,2024,2024-02-15,2024-02-18
5000000645,2024,2025-03-15,2025-03-15
5000000646,2024,2024-09-01,2024-09-03
5000000647,2024,2024-07-23,2024-07-24
5000000648,2025,2025-03-13,2025-03-15
5000000649,2024,2024-05-02,2024-05-04
5000000650,2024,2024-01-14,2024-01-14
5000000651,2024,2024-04-09,2024-04-09
5000000652,2025,2025-11-09,2025-11-10
5000000653,2025,2024-08-02,2024-08-03
5000000654,2024,2025-07-05,2025-07-08
5000000655,2024,2024-05-05,2024-05-08
5000000656,2025,2025-09-30,2025-10-01
5000000657,2025,2024-08-18,2024-08-18
5000000658,2025,2025-01-14,2025-01-17
5000000659,2024,2024-07-16,2024-07-19
5000000660,2024,2025-07-02,2025-07-04
5000000661,2024,2025-06-02,2025-06-04
5000000662,2025,2025-04-09,2025-04-09
5000000663,2024,2025-05-13,2025-05-13
5000000664,2024,2024-10-28,2024-10-31
5000000665,2025,2025-06-30,2025-07-01
5000000666,2025,2025-09-20,2025-09-20
5000000667,2025,2025-01-03,2025-01-06
5000000668,2025,2025-12-24,2025-12-24
5000000669,2025,2024-11-25,2024-11-26
5000000670,2025,2024-05-17,2024-05-20
5000000671,2024,2024-11-20,2024-11-22
5000000672,2025,2024-12-12,2024-12-14
5000000673,2024,2024-09-08,2024-09-10
5000000674,2024,2024-03-28,2024-03-29
5000000675,2024,2025-08-19,2025-08-20
5000000676,2024,2025-04-30,2025-04-30
5000000677,2024,2025-05-18,2025-05-19
5000000678,2024,2025-09-20,2025-09-20
5000000679,2024,2025-12-04,2025-12-05
5000000680,2024,2024-12-29,2024-12-29
5000000681,2024,2024-03-18,2024-03-20
5000000682,2025,2024-07-19,2024-07-20
5000000683,2024,2025-06-11,2025-06-14
5000000684,2025,2025-01-19,2025-01-21
5000000685,2025,2024-03-13,2024-03-14
5000000686,2025,2024-06-10,2024-06-13
5000000687,2024,2024-10-30,2024-11-02
5000000688,2024,2024-08-07,2024-08-07
5000000689,2025,2024-07-15,2024-07-16
5000000690,2025,2025-11-11,2025-11-12
5000000691,2025,2025-07-11,2025-07-13
5000000692,2024,2024-09-11,2024-09-12
5000000693,2025,2025-10-05,2025-10-05
5000000694,2025,2024-12-20,2024-12-22
5000000695,2024,2025-12-01,2025-12-01
5000000696,2025,2024-01-11,2024-01-14
5000000697,2024,2024-10-15,2024-10-16
5000000698,2025,2024-10-19,2024-10-22
5000000699,2025,2025-01-21,2025-01-22
5000000700,2024,2024-05-24,2024-05-27
5000000701,2024,2025-12-31,2026-01-01
5000000702,2024,2024-03-05,2024-03-05
5000000703,2025,2024-02-16,2024-02-19
5000000704,2024,2024-03-21,2024-03-22
5000000705,2024,2024-07-14,2024-07-16
5000000706,2025,2025-05-09,2025-05-11
5000000707,2024,2024-03-28,2024-03-29
5000000708,2025,2025-02-28,2025-03-02
5000000709,2025,2024-11-11,2024-11-14
5000000710,2025,2024-01-02,2024-01-02
5000000711,2025,2025-10-02,2025-10-05
5000000712,2024,2024-10-09,2024-10-12
5000000713,2024,2024-09-28,2024-09-29
5000000714,2025,2025-09-07,2025-09-09
5000000715,2024,2024-06-26,2024-06-29
5000000716,2025,2025-08-12,2025-08-13
5000000717,2025,2025-02-04,2025-02-05
5000000718,2024,2025-12-12,2025-12-13
5000000719,2024,2024-09-01,2024-09-01
5000000720,2024,2025-02-13,2025-02-13
5000000721,2024,2025-12-21,2025-12-23
5000000722,2025,2024-05-20,2024-05-22
5000000723,2025,2024-04-16,2024-04-18
5000000724,2025,2024-03-20,2024-03-21
5000000725,2025,2024-01-05,2024-01-06
5000000726,2025,2024-06-15,2024-06-16
5000000727,2024,2025-07-23,2025-07-24
5000000728,2025,2025-06-17,2025-06-20
5000000729,2024,2024-10-06,2024-10-08
5000000730,2025,2024-02-04,2024-02-07
5000000731,2025,2024-08-25,2024-08-27
5000000732,2024,2024-09-27,2024-09-30
5000000733,2025,2024-01-29,2024-02-01
5000000734,2024,2024-11-03,2024-11-04
5000000735,2025,2025-08-21,2025-08-22
5000000736,2024,2025-03-11,2025-03-12
5000000737,2025,2025-06-10,2025-06-11
5000000738,2024,2024-04-27,2024-04-27
5000000739,2024,2024-06-09,2024-06-12
5000000740,2024,2025-09-04,2025-09-05
5000000741,2025,2025-12-08,2025-12-10
5000000742,2024,2024-06-23,2024-06-25
5000000743,2024,2024-02-02,2024-02-02
5000000744,2024,2024-12-21,2024-12-21
5000000745,2025,2025-01-13,2025-01-14
5000000746,2025,2024-02-16,2024-02-16
5000000747,2024,2025-08-19,2025-08-19
5000000748,2024,2024-05-08,2024-05-10
5000000749,2025,2024-10-02,2024-10-03
5000000750,2024,2025-11-03,2025-11-04
5000000751,2024,2025-11-18,2025-11-21
5000000752,2025,2025-10-21,2025-10-21
5000000753,2025,2025-10-01,2025-10-02
5000000754,2024,2024-12-12,2024-12-12
5000000755,2024,2024-04-22,2024-04-24
5000000756,2025,2025-12-14,2025-12-16
5000000757,2024,2024-07-29,2024-07-30
5000000758,2024,2025-04-06,2025-04-08
5000000759,2025,2024-04-29,2024-04-29
5000000760,2024,2024-10-04,2024-10-05
5000000761,2025,2024-11-17,2024-11-17
5000000762,2025,2024-03-07,2024-03-10
5000000763,2025,2024-09-19,2024-09-20
5000000764,2024,2024-03-12,2024-03-12
5000000765,2024,2025-07-02,2025-07-03
5000000766,2025,2024-06-21,2024-06-24
5000000767,2024,2025-07-31,2025-07-31
5000000768,2025,2025-01-13,2025-01-13
5000000769,2024,2024-08-08,2024-08-11
5000000770,2024,2025-06-21,2025-06-23
5000000771,2024,2024-05-31,2024-06-03
5000000772,2024,2024-03-23,2024-03-26
5000000773,2025,2025-06-21,2025-06-21
5000000774,2025,2024-03-27,2024-03-27
5000000775,2025,2024-04-07,2024-04-07
5000000776,2025,2024-01-20,2024-01-20
5000000777,2024,2024-07-07,2024-07-09
5000000778,2025,2024-12-27,2024-12-27
5000000779,2025,2024-12-08,2024-12-10
5000000780,2024,2025-07-18,2025-07-21
5000000781,2025,2024-09-19,2024-09-21
5000000782,2025,2024-11-24,2024-11-27
5000000783,2025,2025-04-29,2025-05-02
5000000784,2025,2024-05-29,2024-06-01
5000000785,2025,2025-01-01,2025-01-02
5000000786,2024,2024-03-09,2024-03-10
5000000787,2025,2025-04-08,2025-04-08
5000000788,2024,2025-10-23,2025-10-24
5000000789,2024,2024-11-12,2024-11-12
5000000790,2024,2024-10-29,2024-10-30
5000000791,2025,2025-06-05,2025-06-07
5000000792,2024,2025-06-17,2025-06-20
5000000793,2024,2024-02-18,2024-02-19
5000000794,2024,2024-01-04,2024-01-04
5000000795,2025,2025-01-11,2025-01-11
5000000796,2024,2025-10-29,2025-10-29
5000000797,2025,2025-04-29,2025-05-02
5000000798,2024,2024-05-19,2024-05-19
5000000799,2025,2024-05-05,2024-05-08
5000000800,2024,2024-05-13,2024-05-14
5000000801,2024,2024-08-10,2024-08-11
5000000802,2024,2024-05-16,2024-05-17
5000000803,2024,2025-04-27,2025-04-30
5000000804,2024,2024-03-20,2024-03-20
5000000805,2025,2025-01-31,2025-02-03
5000000806,2024,2025-12-23,2025-12-24
5000000807,2025,2024-01-23,2024-01-26
5000000808,2024,2024-08-06,2024-08-08
5000000809,2025,2024-09-22,2024-09-25
5000000810,2024,2025-04-21,2025-04-21
5000000811,2024,2025-11-14,2025-11-16
5000000812,2025,2024-06-30,2024-06-30
5000000813,2024,2024-07-26,2024-07-26
5000000814,2024,2024-05-15,2024-05-16
5000000815,2025,2024-07-31,2024-08-03
5000000816,2025,2025-11-14,2025-11-15
5000000817,2024,2025-09-18,2025-09-19
5000000818,2025,2025-09-05,2025-09-05
5000000819,2025,2024-08-03,2024-08-05
5000000820,2025,2024-11-25,2024-11-27
5000000821,2024,2025-12-02,2025-12-02
5000000822,2024,2025-04-25,2025-04-28
5000000823,2024,2025-06-01,2025-06-01
5000000824,2025,2024-12-17,2024-12-18
5000000825,2024,2024-01-04,2024-01-04
5000000826,2025,2025-05-29,2025-05-31
5000000827,2025,2024-08-27,2024-08-27
5000000828,2025,2025-03-12,2025-03-15
5000000829,2024,2025-02-22,2025-02-25
5000000830,2024,2024-12-01,2024-12-03
5000000831,2024,2025-01-07,2025-01-09
5000000832,2024,2024-07-22,2024-07-25
5000000833,2024,2024-08-03,2024-08-03
5000000834,2025,2025-12-15,2025-12-18
5000000835,2024,2024-08-20,2024-08-21
5000000836,2025,2024-12-26,2024-12-28
5000000837,2025,2024-01-15,2024-01-17
5000000838,2024,2025-08-16,2025-08-17
5000000839,2024,2025-02-13,2025-02-15
5000000840,2024,2024-09-17,2024-09-17
5000000841,2025,2024-01-30,2024-01-30
5000000842,2025,2024-08-20,2024-08-23
5000000843,2025,2024-12-22,2024-12-22
5000000844,2024,2024-11-10,2024-11-13
5000000845,2024,2025-08-13,2025-08-15
5000000846,2025,2024-06-13,2024-06-14
5000000847,2025,2025-11-21,2025-11-21
5000000848,2024,2025-10-18,2025-10-18
5000000849,2024,2025-01-24,2025-01-27
5000000850,2025,2025-03-27,2025-03-29
5000000851,2025,2025-12-23,2025-12-23
5000000852,2025,2024-05-21,2024-05-23
5000000853,2024,2025-07-14,2025-07-15
5000000854,2024,2024-05-05,2024-05-05
5000000855,2024,2024-04-30,2024-05-02
5000000856,2025,2025-04-23,2025-04-25
5000000857,2024,2025-05-27,2025-05-27
5000000858,2025,2025-07-05,2025-07-06
5000000859,2024,2025-06-13,2025-06-15
5000000860,2024,2024-11-13,2024-11-16
5000000861,2025,2025-11-08,2025-11-10
5000000862,2025,2024-06-27,2024-06-30
5000000863,2025,2025-06-19,2025-06-22
5000000864,2024,2024-11-05,2024-11-07
5000000865,2025,2025-06-09,2025-06-11
5000000866,2024,2024-06-06,2024-06-09
5000000867,2025,2025-11-25,2025-11-27
5000000868,2025,2025-10-10,2025-10-11
5000000869,2025,2024-05-30,2024-05-30
5000000870,2024,2024-10-01,2024-10-04
5000000871,2024,2025-06-10,2025-06-10
5000000872,2024,2025-05-21,2025-05-22
5000000873,2025,2025-02-05,2025-02-05
5000000874,2025,2024-06-19,2024-06-20
5000000875,2025,2024-11-04,2024-11-07
5000000876,2025,2025-02-13,2025-02-14
5000000877,2025,2025-12-10,2025-12-12
5000000878,2024,2024-02-22,2024-02-24
5000000879,2025,2025-04-08,2025-04-09
5000000880,2025,2025-06-21,2025-06-22
5000000881,2025,2025-10-25,2025-10-26
5000000882,2025,2025-11-11,2025-11-14
5000000883,2025,2024-11-20,2024-11-23
5000000884,2024,2025-08-26,2025-08-26
5000000885,2025,2024-10-25,2024-10-25
5000000886,2025,2024-06-21,2024-06-24
5000000887,2025,2025-08-11,2025-08-13
5000000888,2024,2024-04-28,2024-05-01
5000000889,2024,2024-11-24,2024-11-26
5000000890,2024,2025-03-04,2025-03-07
5000000891,2025,2025-12-18,2025-12-21
5000000892,2025,2024-10-20,2024-10-21
5000000893,2025,2024-08-17,2024-08-19
5000000894,2025,2025-12-02,2025-12-02
5000000895,2025,2024-01-11,2024-01-12
5000000896,2025,2025-08-07,2025-08-09
5000000897,2024,2025-01-08,2025-01-11
5000000898,2024,2025-05-07,2025-05-07
5000000899,2024,2025-08-14,2025-08-14
5000000900,2025,2025-07-09,2025-07-09
5000000901,2024,2025-01-23,2025-01-26
5000000902,2024,2024-12-17,2024-12-19
5000000903,2025,2025-06-22,2025-06-25
5000000904,2024,2024-06-14,2024-06-17
5000000905,2024,2024-12-18,2024-12-19
5000000906,2024,2024-03-10,2024-03-13
5000000907,2024,2025-04-21,2025-04-24
5000000908,2024,2024-11-04,2024-11-07
5000000909,2024,2025-10-24,2025-10-27
5000000910,2025,2025-05-06,2025-05-07
5000000911,2024,2024-01-14,2024-01-14
5000000912,2024,2024-04-29,2024-04-30
5000000913,2025,2024-07-09,2024-07-11
5000000914,2024,2025-11-21,2025-11-22
5000000915,2025,2024-09-28,2024-09-30
5000000916,2024,2025-03-24,2025-03-27
5000000917,2025,2025-04-05,2025-04-07
5000000918,2024,2025-03-15,2025-03-16
5000000919,2024,2025-09-11,2025-09-12
5000000920,2024,2024-03-12,2024-03-13
5000000921,2024,2025-03-20,2025-03-23
5000000922,2024,2024-11-28,2024-11-28
5000000923,2025,2024-07-07,2024-07-09
5000000924,2025,2024-05-15,2024-05-15
5000000925,2025,2025-07-07,2025-07-08
5000000926,2025,2024-01-27,2024-01-28
5000000927,2024,2025-09-16,2025-09-17
5000000928,2025,2024-09-21,2024-09-21
5000000929,2025,2024-04-12,2024-04-14
5000000930,2024,2025-06-09,2025-06-11
5000000931,2025,2025-11-30,2025-12-02
5000000932,2025,2025-12-25,2025-12-28
5000000933,2025,2025-11-05,2025-11-07
5000000934,2025,2024-04-30,2024-05-01
5000000935,2025,2025-08-06,2025-08-08
5000000936,2024,2024-09-14,2024-09-17
5000000937,2024,2024-01-12,2024-01-15
5000000938,2025,2025-09-28,2025-09-30
5000000939,2024,2024-05-19,2024-05-20
5000000940,2024,2024-01-26,2024-01-27
5000000941,2024,2024-11-03,2024-11-03
5000000942,2024,2025-08-30,2025-08-31
5000000943,2024,2025-09-28,2025-09-29
5000000944,2024,2025-12-15,2025-12-15
5000000945,2025,2024-09-26,2024-09-28
5000000946,2024,2024-07-02,2024-07-05
5000000947,2025,2024-11-23,2024-11-24
5000000948,2025,2025-06-11,2025-06-11
5000000949,2025,2024-07-17,2024-07-18
5000000950,2024,2025-04-17,2025-04-19
5000000951,2025,2025-07-19,2025-07-20
5000000952,2025,2025-04-22,2025-04-24
5000000953,2024,2025-04-09,2025-04-09
5000000954,2024,2025-09-30,2025-09-30
5000000955,2024,2024-08-31,2024-08-31
5000000956,2025,2025-02-15,2025-02-17
5000000957,2025,2024-08-18,2024-08-19
5000000958,2025,2025-10-07,2025-10-08
5000000959,2024,2024-01-22,2024-01-22
5000000960,2024,2024-06-20,2024-06-23
5000000961,2025,2024-09-19,2024-09-21
5000000962,2024,2025-09-15,2025-09-17
5000000963,2024,2025-08-10,2025-08-10
5000000964,2024,2025-08-29,2025-09-01
5000000965,2025,2024-07-13,2024-07-14
5000000966,2025,2024-10-27,2024-10-29
5000000967,2024,2024-11-27,2024-11-27
5000000968,2024,2024-11-22,2024-11-23
5000000969,2025,2025-10-14,2025-10-15
5000000970,2025,2025-06-24,2025-06-25
5000000971,2025,2024-05-13,2024-05-16
5000000972,2025,2024-01-18,2024-01-18
5000000973,2025,2024-09-25,2024-09-27
5000000974,2024,2024-01-08,2024-01-08
5000000975,2025,2025-08-24,2025-08-24
5000000976,2025,2025-11-13,2025-11-16
5000000977,2024,2024-10-21,2024-10-22
5000000978,2024,2025-02-21,2025-02-24
5000000979,2024,2025-11-24,2025-11-26
5000000980,2025,2024-10-17,2024-10-17
5000000981,2025,2025-12-15,2025-12-18
5000000982,2024,2025-06-21,2025-06-22
5000000983,2024,2025-04-20,2025-04-23
5000000984,2025,2025-04-02,2025-04-05
5000000985,2024,2025-07-13,2025-07-14
5000000986,2025,2024-12-11,2024-12-11
5000000987,2025,2024-08-25,2024-08-25
5000000988,2024,2025-01-07,2025-01-07
5000000989,2025,2024-03-28,2024-03-30
5000000990,2025,2024-08-09,2024-08-10
5000000991,2024,2025-08-17,2025-08-18
5000000992,2025,2025-02-17,2025-02-19
5000000993,2024,2024-12-26,2024-12-29
5000000994,2024,2024-12-15,2024-12-15
5000000995,2025,2025-03-27,2025-03-29
5000000996,2024,2024-04-14,2024-04-16
5000000997,2024,2025-05-25,2025-05-28
5000000998,2024,2024-08-22,2024-08-22
5000000999,2025,2025-04-24,2025-04-27
5000001000,2024,2025-07-03,2025-07-05
5000001001,2025,2024-12-19,2024-12-22
5000001002,2025,2024-11-24,2024-11-24
5000001003,2025,2025-12-28,2025-12-29
5000001004,2024,2024-03-21,2024-03-21
5000001005,2024,2025-06-17,2025-06-20
5000001006,2024,2024-05-09,2024-05-12
5000001007,2024,2024-04-29,2024-05-01
5000001008,2025,2024-03-11,2024-03-11
5000001009,2024,2024-06-04,2024-06-07
5000001010,2025,2025-11-13,2025-11-14
5000001011,2025,2024-05-09,2024-05-11
5000001012,2025,2024-07-26,2024-07-28
5000001013,2024,2024-03-21,2024-03-21
5000001014,2025,2025-10-29,2025-10-29
5000001015,2024,2024-04-19,2024-04-20
5000001016,2025,2025-08-14,2025-08-17
5000001017,2025,2024-01-22,2024-01-24
5000001018,2025,2025-11-29,2025-12-02
5000001019,2025,2024-08-27,2024-08-29
5000001020,2025,2025-06-14,2025-06-16
5000001021,2025,2025-12-03,2025-12-03
5000001022,2025,2025-05-11,2025-05-12
5000001023,2025,2024-12-25,2024-12-25
5000001024,2024,2025-03-01,2025-03-02
5000001025,2024,2024-12-20,2024-12-22
5000001026,2024,2024-09-21,2024-09-24
5000001027,2025,2025-06-05,2025-06-06
5000001028,2024,2024-07-05,2024-07-08
5000001029,2024,2024-04-23,2024-04-24
5000001030,2024,2024-07-05,2024-07-05
5000001031,2024,2024-02-18,2024-02-19
5000001032,2025,2025-01-16,2025-01-17
5000001033,2024,2024-07-22,2024-07-25
5000001034,2024,2025-09-29,2025-10-01
5000001035,2024,2024-11-18,2024-11-20
5000001036,2024,2025-05-18,2025-05-20
5000001037,2024,2025-03-04,2025-03-07
5000001038,2025,2025-09-09,2025-09-09
5000001039,2025,2024-10-29,2024-11-01
5000001040,2025,2025-11-22,2025-11-24
5000001041,2024,2024-04-07,2024-04-08
5000001042,2024,2024-08-19,2024-08-21
5000001043,2024,2025-08-01,2025-08-02
5000001044,2025,2024-04-21,2024-04-23
5000001045,2025,2025-04-03,2025-04-06
5000001046,2024,2024-11-15,2024-11-18
5000001047,2025,2025-01-15,2025-01-16
5000001048,2025,2025-06-15,2025-06-16
5000001049,2024,2025-12-07,2025-12-09
5000001050,2024,2024-03-05,2024-03-05
5000001051,2025,2024-05-26,2024-05-29
5000001052,2024,2025-08-08,2025-08-11
5000001053,2025,2025-12-16,2025-12-18
5000001054,2024,2025-01-01,2025-01-01
5000001055,2025,2024-08-11,2024-08-14
5000001056,2024,2025-11-30,2025-12-02
5000001057,2024,2025-10-23,2025-10-24
5000001058,2025,2025-08-06,2025-08-09
5000001059,2025,2024-02-23,2024-02-23
5000001060,2024,2025-11-23,2025-11-24
5000001061,2024,2025-10-30,2025-10-31
5000001062,2025,2025-05-29,2025-06-01
5000001063,2025,2024-10-16,2024-10-16
5000001064,2024,2024-12-24,2024-12-25
5000001065,2024,2025-12-30,2025-12-31
5000001066,2024,2025-03-18,2025-03-19
5000001067,2025,2024-09-18,2024-09-21
5000001068,2025,2025-06-08,2025-06-10
5000001069,2024,2025-03-26,2025-03-28
5000001070,2025,2024-08-08,2024-08-09
5000001071,2025,2024-08-01,2024-08-02
5000001072,2025,2025-10-19,2025-10-21
5000001073,2024,2025-06-21,2025-06-21
5000001074,2024,2025-02-16,2025-02-16
5000001075,2025,2024-08-02,2024-08-05
5000001076,2025,2024-05-26,2024-05-27
5000001077,2024,2024-08-24,2024-08-27
5000001078,2025,2024-08-08,2024-08-11
5000001079,2025,2025-10-06,2025-10-09
5000001080,2025,2024-01-25,2024-01-25
5000001081,2024,2025-04-30,2025-05-02
5000001082,2025,2024-03-23,2024-03-24
5000001083,2025,2025-07-28,2025-07-29
5000001084,2025,2024-08-11,2024-08-12
5000001085,2024,2025-11-20,2025-11-23
5000001086,2024,2025-11-16,2025-11-18
5000001087,2025,2025-08-15,2025-08-16
5000001088,2025,2025-08-16,2025-08-18
5000001089,2025,2025-06-14,2025-06-14
5000001090,2025,2025-11-19,2025-11-22
5000001091,2024,2025-06-05,2025-06-06
5000001092,2025,2024-11-03,2024-11-03
5000001093,2024,2024-05-13,2024-05-14
5000001094,2025,2025-09-03,2025-09-03
5000001095,2024,2025-08-14,2025-08-15
5000001096,2025,2024-11-04,2024-11-05
5000001097,2025,2025-03-09,2025-03-11
5000001098,2025,2024-03-30,2024-04-02
5000001099,2025,2024-01-21,2024-01-23
5000001100,2025,2024-02-29,2024-02-29
5000001101,2024,2025-01-31,2025-02-02
5000001102,2025,2024-11-28,2024-11-28
5000001103,2025,2025-03-02,2025-03-02
5000001104,2025,2025-08-23,2025-08-25
5000001105,2025,2025-07-26,2025-07-29
5000001106,2024,2024-08-26,2024-08-27
5000001107,2024,2024-05-25,2024-05-26
5000001108,2025,2024-01-25,2024-01-28
5000001109,2024,2024-02-24,2024-02-25
5000001110,2024,2024-04-12,2024-04-14
5000001111,2025,2024-04-24,2024-04-25
5000001112,2025,2024-07-19,2024-07-20
5000001113,2025,2025-12-19,2025-12-21
5000001114,2025,2025-01-04,2025-01-04
5000001115,2024,2024-07-19,2024-07-20
5000001116,2025,2025-01-25,2025-01-27
5000001117,2024,2025-06-28,2025-06-28
5000001118,2025,2024-06-05,2024-06-08
5000001119,2025,2025-08-31,2025-08-31
5000001120,2025,2025-08-26,2025-08-27
5000001121,2025,2024-04-12,2024-04-12
5000001122,2024,2024-06-28,2024-06-28
5000001123,2024,2024-12-01,2024-12-02
5000001124,2024,2024-07-21,2024-07-24
5000001125,2024,2024-09-30,2024-09-30
5000001126,2024,2025-10-05,2025-10-05
5000001127,2024,2025-01-31,2025-02-01
5000001128,2025,2024-07-22,2024-07-23
5000001129,2025,2025-04-21,2025-04-21
5000001130,2024,2025-09-30,2025-10-02
5000001131,2024,2024-09-01,2024-09-04
5000001132,2024,2024-01-22,2024-01-23
5000001133,2024,2024-04-02,2024-04-02
5000001134,2024,2025-08-07,2025-08-10
5000001135,2025,2024-12-07,2024-12-08
5000001136,2025,2024-05-31,2024-06-01
5000001137,2025,2024-11-30,2024-11-30
5000001138,2024,2024-10-28,2024-10-29
5000001139,2024,2024-08-02,2024-08-03
5000001140,2024,2024-11-15,2024-11-17
5000001141,2024,2025-01-23,2025-01-25
5000001142,2024,2024-09-10,2024-09-10
5000001143,2025,2024-01-25,2024-01-27
5000001144,2025,2024-09-29,2024-09-29
5000001145,2025,2024-05-27,2024-05-29
5000001146,2025,2024-04-07,2024-04-08
5000001147,2024,2024-06-21,2024-06-23
5000001148,2024,2024-09-28,2024-09-28
5000001149,2024,2025-11-08,2025-11-09
5000001150,2024,2024-07-03,2024-07-06
5000001151,2024,2025-01-15,2025-01-15
5000001152,2024,2024-07-25,2024-07-27
5000001153,2024,2024-02-24,2024-02-27
5000001154,2025,2024-01-22,2024-01-24
5000001155,2024,2024-03-08,2024-03-08
5000001156,2024,2024-09-27,2024-09-29
5000001157,2024,2024-06-19,2024-06-22
5000001158,2024,2025-09-05,2025-09-06
5000001159,2024,2025-12-22,2025-12-25
5000001160,2025,2025-10-20,2025-10-21
5000001161,2024,2025-03-25,2025-03-26
5000001162,2025,2025-04-03,2025-04-05
5000001163,2024,2024-08-17,2024-08-20
5000001164,2024,2025-02-23,2025-02-23
5000001165,2025,2025-10-16,2025-10-16
5000001166,2025,2024-03-17,2024-03-17
5000001167,2024,2024-08-13,2024-08-15
5000001168,2025,2025-02-25,2025-02-27
5000001169,2024,2025-11-12,2025-11-13
5000001170,2025,2025-07-11,2025-07-14
5000001171,2024,2025-01-19,2025-01-22
5000001172,2024,2025-04-08,2025-04-10
5000001173,2025,2024-08-24,2024-08-24
5000001174,2025,2024-01-05,2024-01-08
5000001175,2024,2025-06-12,2025-06-13
5000001176,2025,2024-05-14,2024-05-14
5000001177,2024,2025-02-01,2025-02-04
5000001178,2025,2025-01-03,2025-01-06
5000001179,2025,2025-07-11,2025-07-12
5000001180,2024,2025-09-29,2025-09-29
5000001181,2024,2024-09-17,2024-09-19
5000001182,2025,2024-09-25,2024-09-25
5000001183,2024,2025-02-01,2025-02-03
5000001184,2025,2025-04-27,2025-04-27
5000001185,2025,2024-02-17,2024-02-17
5000001186,2024,2025-11-15,2025-11-15
5000001187,2025,2025-03-16,2025-03-18
5000001188,2024,2024-07-04,2024-07-05
5000001189,2025,2025-11-01,2025-11-04
5000001190,2024,2024-09-21,2024-09-21
5000001191,2024,2025-02-02,2025-02-04
5000001192,2024,2025-09-05,2025-09-06
5000001193,2024,2025-11-10,2025-11-11
5000001194,2025,2025-06-25,2025-06-27
5000001195,2024,2025-08-02,2025-08-03
5000001196,2025,2025-05-21,2025-05-21
5000001197,2025,2025-04-23,2025-04-25
5000001198,2024,2025-11-18,2025-11-21
5000001199,2025,2024-09-14,2024-09-15
5000001200,2024,2025-06-10,2025-06-10
5000001201,2024,2025-12-11,2025-12-14
5000001202,2025,2024-01-15,2024-01-15
5000001203,2024,2025-05-12,2025-05-12
5000001204,2024,2025-05-13,2025-05-14
5000001205,2024,2025-03-05,2025-03-05
5000001206,2024,2024-06-06,2024-06-08
5000001207,2025,2024-07-28,2024-07-28
5000001208,2024,2025-04-04,2025-04-05
5000001209,2024,2024-08-20,2024-08-21
5000001210,2025,2025-07-18,2025-07-19
5000001211,2024,2024-03-18,2024-03-19
5000001212,2025,2024-02-12,2024-02-13
5000001213,2024,2024-10-07,2024-10-09
5000001214,2025,2024-05-29,2024-05-31
5000001215,2025,2024-06-07,2024-06-10
5000001216,2025,2024-04-07,2024-04-08
5000001217,2024,2025-12-14,2025-12-16
5000001218,2024,2025-02-04,2025-02-07
5000001219,2024,2025-07-03,2025-07-03
5000001220,2025,2024-11-28,2024-11-29
5000001221,2024,2025-05-28,2025-05-30
5000001222,2024,2024-02-21,2024-02-23
5000001223,2025,2025-09-12,2025-09-14
5000001224,2025,2024-02-05,2024-02-07
5000001225,2025,2025-05-23,2025-05-26
5000001226,2025,2024-08-13,2024-08-14
5000001227,2024,2024-05-24,2024-05-27
5000001228,2025,2024-05-26,2024-05-28
5000001229,2025,2025-06-05,2025-06-07
5000001230,2024,2024-11-29,2024-12-01
5000001231,2024,2025-12-08,2025-12-08
5000001232,2025,2025-05-16,2025-05-17
5000001233,2025,2025-10-11,2025-10-14
5000001234,2024,2024-02-10,2024-02-11
5000001235,2024,2025-03-10,2025-03-11
5000001236,2024,2024-06-12,2024-06-15
5000001237,2024,2024-07-30,2024-07-31
5000001238,2024,2024-12-29,2024-12-30
5000001239,2024,2025-06-21,2025-06-24
5000001240,2025,2025-04-25,2025-04-25
5000001241,2025,2024-04-01,2024-04-03
5000001242,2025,2025-10-01,2025-10-04
5000001243,2025,2024-09-12,2024-09-15
5000001244,2025,2025-10-26,2025-10-26
5000001245,2024,2025-02-16,2025-02-18
5000001246,2024,2025-01-10,2025-01-13
5000001247,2025,2025-10-05,2025-10-05
5000001248,2024,2025-02-05,2025-02-06
5000001249,2024,2024-10-31,2024-10-31
5000001250,2024,2025-03-08,2025-03-08
5000001251,2024,2024-11-08,2024-11-11
5000001252,2025,2025-09-23,2025-09-26
5000001253,2025,2024-07-08,2024-07-10
5000001254,2025,2024-04-18,2024-04-19
5000001255,2024,2025-08-03,2025-08-05
5000001256,2024,2024-04-02,2024-04-02
5000001257,2025,2024-09-29,2024-09-29
5000001258,2024,2025-01-31,2025-02-02
5000001259,2025,2024-01-27,2024-01-29
5000001260,2024,2024-11-02,2024-11-05
5000001261,2025,2024-07-16,2024-07-19
5000001262,2025,2025-11-20,2025-11-20
5000001263,2025,2024-07-25,2024-07-27
5000001264,2024,2025-08-02,2025-08-05
5000001265,2024,2024-02-19,2024-02-21
5000001266,2025,2024-01-23,2024-01-26
5000001267,2024,2025-10-17,2025-10-17
5000001268,2024,2024-04-23,2024-04-23
5000001269,2025,2025-12-18,2025-12-19
5000001270,2025,2025-05-08,2025-05-08
5000001271,2025,2024-03-11,2024-03-13
5000001272,2025,2024-11-08,2024-11-10
5000001273,2025,2024-10-01,2024-10-03
5000001274,2025,2024-03-19,2024-03-22
5000001275,2024,2025-06-07,2025-06-10
5000001276,2025,2025-09-29,2025-10-02
5000001277,2024,2024-10-26,2024-10-26
5000001278,2025,2025-05-23,2025-05-24
5000001279,2025,2025-08-21,2025-08-23
5000001280,2024,2025-08-18,2025-08-20
5000001281,2025,2025-12-06,2025-12-06
5000001282,2025,2025-04-10,2025-04-11
5000001283,2024,2025-03-10,2025-03-10
5000001284,2025,2025-05-07,2025-05-10
5000001285,2025,2025-05-26,2025-05-27
5000001286,2024,2024-03-23,2024-03-26
5000001287,2025,2025-09-24,2025-09-27
5000001288,2024,2024-04-30,2024-04-30
5000001289,2025,2025-05-31,2025-06-01
5000001290,2025,2025-05-18,2025-05-19
5000001291,2024,2025-03-06,2025-03-06
5000001292,2025,2025-04-04,2025-04-05
5000001293,2025,2025-04-24,2025-04-24
5000001294,2025,2025-08-24,2025-08-26
5000001295,2024,2025-12-12,2025-12-15
5000001296,2024,2025-10-31,2025-11-03
5000001297,2025,2025-09-30,2025-10-03
5000001298,2024,2024-10-19,2024-10-20
5000001299,2024,2024-06-26,2024-06-26
5000001300,2025,2025-11-17,2025-11-17
5000001301,2024,2024-02-11,2024-02-13
5000001302,2025,2025-11-21,2025-11-21
5000001303,2025,2025-12-20,2025-12-21
5000001304,2024,2024-03-05,2024-03-05
5000001305,2024,2025-08-07,2025-08-10
5000001306,2024,2024-10-28,2024-10-28
5000001307,2025,2024-11-05,2024-11-06
5000001308,2024,2025-01-29,2025-01-29
5000001309,2024,2025-11-22,2025-11-25
5000001310,2025,2025-05-29,2025-05-29
5000001311,2025,2025-06-20,2025-06-21
5000001312,2025,2024-03-25,2024-03-26
5000001313,2025,2025-01-09,2025-01-09
5000001314,2024,2025-02-24,2025-02-27
5000001315,2024,2024-12-09,2024-12-09
5000001316,2025,2024-07-10,2024-07-11
5000001317,2024,2024-09-26,2024-09-26
5000001318,2024,2025-01-29,2025-01-31
5000001319,2024,2024-08-12,2024-08-13
5000001320,2024,2024-03-03,2024-03-05
5000001321,2025,2024-04-26,2024-04-29
5000001322,2025,2024-06-07,2024-06-07
5000001323,2024,2024-07-10,2024-07-13
5000001324,2025,2024-03-14,2024-03-14
5000001325,2024,2024-04-04,2024-04-07
5000001326,2024,2024-01-17,2024-01-18
5000001327,2025,2025-08-15,2025-08-15
5000001328,2025,2024-09-10,2024-09-10
5000001329,2025,2024-05-26,2024-05-29
5000001330,2024,2024-02-11,2024-02-13
5000001331,2025,2024-01-24,2024-01-24
5000001332,2025,2024-10-15,2024-10-16
5000001333,2024,2025-08-24,2025-08-24
5000001334,2024,2025-04-16,2025-04-18
5000001335,2024,2024-06-23,2024-06-24
5000001336,2025,2025-10-30,2025-11-01
5000001337,2024,2024-01-02,2024-01-05
5000001338,2024,2025-11-21,2025-11-24
5000001339,2024,2025-06-07,2025-06-07
5000001340,2024,2025-11-10,2025-11-10
5000001341,2025,2024-10-18,2024-10-21
5000001342,2024,2024-04-27,2024-04-27
5000001343,2024,2025-08-12,2025-08-13
5000001344,2024,2025-09-23,2025-09-23
5000001345,2024,2024-11-23,2024-11-24
5000001346,2025,2025-10-28,2025-10-30
5000001347,2025,2025-07-31,2025-08-01
5000001348,2025,2025-01-04,2025-01-04
5000001349,2025,2025-01-16,2025-01-18
5000001350,2025,2024-12-25,2024-12-27
5000001351,2025,2025-11-03,2025-11-06
5000001352,2025,2025-05-29,2025-05-31
5000001353,2025,2025-03-11,2025-03-13
5000001354,2025,2024-01-19,2024-01-20
5000001355,2025,2024-11-09,2024-11-09
5000001356,2024,2025-06-11,2025-06-12
5000001357,2024,2024-04-26,2024-04-27
5000001358,2025,2024-12-15,2024-12-18
5000001359,2024,2024-02-18,2024-02-18
5000001360,2025,2025-07-07,2025-07-07
5000001361,2025,2024-09-04,2024-09-06
5000001362,2024,2025-04-16,2025-04-18
5000001363,2024,2025-02-20,2025-02-21
5000001364,2025,2024-07-07,2024-07-08
5000001365,2025,2024-04-18,2024-04-18
5000001366,2024,2024-01-19,2024-01-21
5000001367,2024,2024-08-10,2024-08-10
5000001368,2024,2025-10-20,2025-10-23
5000001369,2024,2024-08-12,2024-08-12
5000001370,2024,2025-11-14,2025-11-17
5000001371,2024,2025-10-22,2025-10-22
5000001372,2025,2024-01-13,2024-01-13
5000001373,2024,2025-11-10,2025-11-10
5000001374,2024,2025-05-20,2025-05-20
5000001375,2024,2024-09-02,2024-09-04
5000001376,2025,2024-11-03,2024-11-06
5000001377,2025,2024-04-03,2024-04-04
5000001378,2024,2025-01-14,2025-01-16
5000001379,2025,2024-12-09,2024-12-12
5000001380,2024,2024-10-05,2024-10-07
5000001381,2024,2024-03-09,2024-03-10
5000001382,2024,2025-09-19,2025-09-19
5000001383,2025,2024-10-03,2024-10-04
5000001384,2024,2024-07-08,2024-07-08
5000001385,2025,2025-01-03,2025-01-06
5000001386,2025,2024-06-01,2024-06-02
5000001387,2024,2025-10-14,2025-10-15
5000001388,2025,2025-08-29,2025-08-31
5000001389,2025,2024-06-15,2024-06-17
5000001390,2024,2024-10-25,2024-10-26
5000001391,2024,2025-07-07,2025-07-09
5000001392,2025,2025-11-24,2025-11-27
5000001393,2025,2025-06-25,2025-06-25
5000001394,2025,2025-12-24,2025-12-25
5000001395,2025,2024-12-28,2024-12-31
5000001396,2024,2025-01-06,2025-01-08
5000001397,2024,2024-09-07,2024-09-10
5000001398,2024,2025-10-03,2025-10-05
5000001399,2025,2025-02-24,2025-02-27
5000001400,2025,2025-01-17,2025-01-19
5000001401,2025,2024-07-15,2024-07-18
5000001402,2024,2024-06-08,2024-06-08
5000001403,2025,2025-07-15,2025-07-15
5000001404,2025,2025-06-12,2025-06-12
5000001405,2024,2024-07-23,2024-07-24
5000001406,2024,2025-06-29,2025-06-29
5000001407,2025,2024-08-23,2024-08-25
5000001408,2025,2024-09-11,2024-09-13
5000001409,2024,2024-12-10,2024-12-11
5000001410,2024,2024-04-24,2024-04-25
5000001411,2025,2024-11-27,2024-11-29
5000001412,2025,2025-01-20,2025-01-20
5000001413,2024,2025-12-24,2025-12-24
5000001414,2025,2024-07-01,2024-07-04
5000001415,2025,2025-02-18,2025-02-20
5000001416,2024,2025-05-15,2025-05-15
5000001417,2025,2025-02-23,2025-02-25
5000001418,2025,2025-09-14,2025-09-14
5000001419,2024,2025-01-19,2025-01-19
5000001420,2025,2024-10-29,2024-10-31
5000001421,2025,2024-06-27,2024-06-27
5000001422,2024,2025-12-27,2025-12-29
5000001423,2025,2025-07-30,2025-07-30
5000001424,2025,2025-06-21,2025-06-23
5000001425,2025,2025-12-07,2025-12-08
5000001426,2025,2024-09-01,2024-09-02
5000001427,2024,2025-06-10,2025-06-11
5000001428,2025,2024-08-24,2024-08-26
5000001429,2024,2024-09-20,2024-09-23
5000001430,2025,2024-03-16,2024-03-16
5000001431,2025,2025-07-28,2025-07-31
5000001432,2024,2024-09-09,2024-09-11
5000001433,2024,2025-07-12,2025-07-12
5000001434,2025,2024-10-11,2024-10-14
5000001435,2024,2024-10-11,2024-10-12
5000001436,2025,2025-01-18,2025-01-18
5000001437,2025,2025-04-11,2025-04-14
5000001438,2025,2024-12-27,2024-12-29
5000001439,2024,2024-04-26,2024-04-29
5000001440,2025,2024-05-08,2024-05-10
5000001441,2024,2024-10-24,2024-10-24
5000001442,2025,2024-01-14,2024-01-16
5000001443,2025,2025-12-13,2025-12-13
5000001444,2024,2025-05-26,2025-05-26
5000001445,2024,2025-05-12,2025-05-12
5000001446,2024,2025-07-13,2025-07-15
5000001447,2024,2025-07-24,2025-07-26
5000001448,2024,2024-03-02,2024-03-02
5000001449,2025,2025-08-22,2025-08-24
5000001450,2024,2025-11-25,2025-11-28
5000001451,2025,2025-04-08,2025-04-10
5000001452,2024,2024-07-24,2024-07-26
5000001453,2025,2024-12-18,2024-12-21
5000001454,2025,2025-04-20,2025-04-20
5000001455,2024,2024-05-29,2024-05-30
5000001456,2024,2024-04-28,2024-04-30
5000001457,2024,2025-07-30,2025-07-31
5000001458,2024,2025-03-12,2025-03-13
5000001459,2024,2025-03-31,2025-04-01
5000001460,2025,2025-10-25,2025-10-25
5000001461,2024,2024-09-18,2024-09-20
5000001462,2024,2024-05-05,2024-05-08
5000001463,2024,2025-08-20,2025-08-22
5000001464,2025,2025-03-15,2025-03-16
5000001465,2024,2025-12-10,2025-12-11
5000001466,2025,2025-03-26,2025-03-29
5000001467,2025,2024-09-30,2024-10-02
5000001468,2024,2024-05-26,2024-05-26
5000001469,2025,2024-02-06,2024-02-07
5000001470,2024,2025-06-10,2025-06-10
5000001471,2025,2024-02-12,2024-02-14
5000001472,2025,2025-02-10,2025-02-12
5000001473,2024,2024-06-08,2024-06-09
5000001474,2024,2024-12-08,2024-12-08
5000001475,2024,2025-01-31,2025-02-02
5000001476,2024,2024-03-26,2024-03-26
5000001477,2025,2024-04-17,2024-04-17
5000001478,2025,2024-06-15,2024-06-18
5000001479,2024,2024-11-15,2024-11-15
5000001480,2024,2024-12-31,2025-01-02
5000001481,2025,2024-10-19,2024-10-20
5000001482,2025,2024-03-10,2024-03-13
5000001483,2024,2024-01-18,2024-01-19
5000001484,2025,2025-11-27,2025-11-30
5000001485,2024,2024-04-03,2024-04-03
5000001486,2025,2025-09-03,2025-09-04
5000001487,2025,2024-05-26,2024-05-28
5000001488,2025,2024-11-18,2024-11-21
5000001489,2025,2024-10-13,2024-10-15
5000001490,2025,2025-12-21,2025-12-23
5000001491,2024,2024-04-02,2024-04-03
5000001492,2025,2025-09-03,2025-09-06
5000001493,2024,2025-03-27,2025-03-29
5000001494,2025,2024-08-05,2024-08-06
5000001495,2025,2025-11-26,2025-11-28
5000001496,2024,2025-09-27,2025-09-27
5000001497,2024,2025-01-09,2025-01-09
5000001498,2024,2024-12-27,2024-12-28
5000001499,2025,2025-05-24,2025-05-26
5000001500,2025,2024-10-05,2024-10-07
5000001501,2024,2025-12-16,2025-12-18
5000001502,2024,2024-11-25,2024-11-25
5000001503,2024,2025-08-10,2025-08-12
5000001504,2024,2025-02-04,2025-02-06
5000001505,2025,2024-07-28,2024-07-29
5000001506,2025,2025-12-13,2025-12-13
5000001507,2025,2025-07-12,2025-07-12
5000001508,2025,2024-07-01,2024-07-04
5000001509,2024,2025-01-18,2025-01-19
5000001510,2024,2025-11-11,2025-11-11
5000001511,2024,2024-09-18,2024-09-21
5000001512,2025,2024-03-21,2024-03-23
5000001513,2025,2024-01-03,2024-01-03
5000001514,2024,2025-07-25,2025-07-27
5000001515,2024,2025-06-12,2025-06-12
5000001516,2025,2024-09-07,2024-09-10
5000001517,2024,2025-07-02,2025-07-03
5000001518,2024,2024-07-22,2024-07-24
5000001519,2024,2024-05-10,2024-05-12
5000001520,2025,2024-07-01,2024-07-04
5000001521,2024,2024-01-24,2024-01-24
5000001522,2025,2024-08-20,2024-08-22
5000001523,2025,2025-06-29,2025-06-29
5000001524,2025,2025-04-20,2025-04-22
5000001525,2024,2025-05-26,2025-05-27
5000001526,2025,2024-11-15,2024-11-16
5000001527,2025,2024-07-20,2024-07-21
5000001528,2024,2025-12-16,2025-12-19
5000001529,2025,2025-11-10,2025-11-10
5000001530,2025,2024-11-14,2024-11-14
5000001531,2024,2025-08-02,2025-08-04
5000001532,2024,2025-11-26,2025-11-29
5000001533,2024,2024-04-29,2024-05-01
5000001534,2024,2025-10-26,2025-10-27
5000001535,2025,2024-06-23,2024-06-26
5000001536,2024,2025-09-18,2025-09-18
5000001537,2024,2024-06-14,2024-06-14
5000001538,2024,2024-05-07,2024-05-08
5000001539,2025,2024-06-15,2024-06-17
5000001540,2025,2024-05-20,2024-05-20
5000001541,2025,2025-09-26,2025-09-28
5000001542,2025,2025-12-20,2025-12-22
5000001543,2024,2025-01-06,2025-01-06
5000001544,2025,2025-05-09,2025-05-09
5000001545,2024,2024-11-23,2024-11-25
5000001546,2025,2025-08-14,2025-08-14
5000001547,2024,2024-09-01,2024-09-02
5000001548,2024,2025-10-03,2025-10-03
5000001549,2025,2024-07-12,2024-07-13
5000001550,2025,2025-04-29,2025-05-01
5000001551,2024,2025-06-12,2025-06-15
5000001552,2025,2024-01-21,2024-01-23
5000001553,2024,2024-11-29,2024-11-30
5000001554,2025,2025-04-01,2025-04-02
5000001555,2024,2025-01-17,2025-01-18
5000001556,2024,2024-12-12,2024-12-12
5000001557,2025,2024-09-21,2024-09-21
5000001558,2024,2024-12-02,2024-12-04
5000001559,2025,2025-11-26,2025-11-27
5000001560,2024,2024-01-31,2024-02-01
5000001561,2025,2024-05-30,2024-05-31
5000001562,2025,2024-08-10,2024-08-13
5000001563,2025,2025-03-14,2025-03-14
5000001564,2024,2024-08-22,2024-08-23
5000001565,2024,2025-06-12,2025-06-13
5000001566,2024,2025-11-16,2025-11-18
5000001567,2024,2024-09-23,2024-09-23
5000001568,2024,2025-01-28,2025-01-30
5000001569,2025,2025-07-13,2025-07-15
5000001570,2025,2024-10-07,2024-10-10
5000001571,2024,2025-11-12,2025-11-15
5000001572,2025,2025-10-25,2025-10-27
5000001573,2024,2025-10-28,2025-10-28
5000001574,2025,2025-12-04,2025-12-04
5000001575,2025,2024-03-09,2024-03-09
5000001576,2025,2024-04-25,2024-04-25
5000001577,2024,2024-09-16,2024-09-18
5000001578,2024,2025-12-12,2025-12-12
5000001579,2024,2025-06-21,2025-06-22
5000001580,2025,2024-06-25,2024-06-25
5000001581,2025,2025-10-30,2025-11-02
5000001582,2024,2025-03-15,2025-03-16
5000001583,2025,2024-03-14,2024-03-14
5000001584,2024,2025-04-27,2025-04-30
5000001585,2025,2024-07-16,2024-07-19
5000001586,2025,2025-08-11,2025-08-13
5000001587,2025,2025-04-29,2025-04-30
5000001588,2025,2024-03-24,2024-03-24
5000001589,2025,2025-07-02,2025-07-05
5000001590,2025,2025-02-20,2025-02-23
5000001591,2025,2025-05-12,2025-05-12
5000001592,2025,2024-08-02,2024-08-02
5000001593,2024,2025-01-28,2025-01-31
5000001594,2024,2025-07-09,2025-07-11
5000001595,2025,2024-12-05,2024-12-06
5000001596,2024,2024-02-02,2024-02-04
5000001597,2025,2025-03-02,2025-03-04
5000001598,2025,2025-10-26,2025-10-28
5000001599,2025,2025-01-30,2025-02-01
5000001600,2024,2025-08-23,2025-08-23
5000001601,2025,2025-11-20,2025-11-23
5000001602,2025,2025-07-02,2025-07-04
5000001603,2025,2024-02-23,2024-02-23
5000001604,2025,2025-03-31,2025-04-03
5000001605,2025,2025-02-04,2025-02-07
5000001606,2025,2024-04-01,2024-04-03
5000001607,2024,2025-03-23,2025-03-26
5000001608,2024,2025-03-05,2025-03-08
5000001609,2025,2025-12-31,2026-01-03
5000001610,2025,2024-11-18,2024-11-20
5000001611,2025,2024-08-01,2024-08-03
5000001612,2025,2025-11-15,2025-11-17
5000001613,2024,2025-07-23,2025-07-23
5000001614,2024,2025-12-03,2025-12-03
5000001615,2024,2024-07-16,2024-07-19
5000001616,2024,2025-01-06,2025-01-06
5000001617,2024,2024-03-17,2024-03-18
5000001618,2025,2025-06-22,2025-06-22
5000001619,2024,2024-03-23,2024-03-24
5000001620,2025,2024-02-09,2024-02-10
5000001621,2025,2025-04-17,2025-04-19
5000001622,2025,2024-11-11,2024-11-13
5000001623,2025,2024-01-07,2024-01-08
5000001624,2025,2025-06-08,2025-06-10
5000001625,2025,2024-06-22,2024-06-24
5000001626,2025,2024-05-31,2024-06-02
5000001627,2024,2025-03-13,2025-03-13
5000001628,2024,2025-12-05,2025-12-05
5000001629,2024,2024-04-30,2024-04-30
5000001630,2024,2024-02-20,2024-02-23
5000001631,2024,2025-10-22,2025-10-25
5000001632,2025,2025-02-20,2025-02-20
5000001633,2025,2025-01-13,2025-01-13
5000001634,2025,2025-04-13,2025-04-16
5000001635,2025,2025-06-26,2025-06-29
5000001636,2025,2025-04-28,2025-04-28
5000001637,2024,2024-05-28,2024-05-29
5000001638,2025,2024-07-13,2024-07-13
5000001639,2024,2024-09-09,2024-09-11
5000001640,2025,2024-07-13,2024-07-14
5000001641,2024,2025-08-30,2025-09-02
5000001642,2025,2024-10-01,2024-10-01
5000001643,2024,2024-01-15,2024-01-16
5000001644,2025,2025-08-26,2025-08-29
5000001645,2025,2024-06-26,2024-06-27
5000001646,2025,2024-10-21,2024-10-24
5000001647,2024,2024-08-06,2024-08-09
5000001648,2024,2024-12-29,2024-12-29
5000001649,2025,2025-11-29,2025-12-02
5000001650,2025,2025-11-19,2025-11-20
5000001651,2025,2025-04-26,2025-04-27
5000001652,2025,2024-01-21,2024-01-22
5000001653,2025,2024-06-04,2024-06-07
5000001654,2024,2025-06-16,2025-06-18
5000001655,2025,2024-05-17,2024-05-17
5000001656,2025,2024-02-17,2024-02-17
5000001657,2025,2025-12-06,2025-12-07
5000001658,2024,2024-06-22,2024-06-23
5000001659,2024,2025-04-02,2025-04-02
5000001660,2025,2024-10-19,2024-10-21
5000001661,2025,2024-07-25,2024-07-25
5000001662,2024,2024-05-28,2024-05-28
5000001663,2024,2025-11-10,2025-11-10
5000001664,2025,2024-03-26,2024-03-27
5000001665,2024,2025-06-01,2025-06-04
5000001666,2025,2024-10-16,2024-10-17
5000001667,2025,2025-08-27,2025-08-29
5000001668,2025,2025-02-03,2025-02-06
5000001669,2025,2025-12-21,2025-12-24
5000001670,2025,2025-05-26,2025-05-27
5000001671,2025,2024-07-14,2024-07-14
5000001672,2025,2024-11-25,2024-11-28
5000001673,2024,2025-06-18,2025-06-20
5000001674,2024,2025-08-06,2025-08-07
5000001675,2025,2024-04-06,2024-04-08
5000001676,2025,2024-03-02,2024-03-02
5000001677,2025,2025-07-02,2025-07-04
5000001678,2025,2024-11-20,2024-11-23
5000001679,2025,2024-11-18,2024-11-18
5000001680,2025,2024-11-21,2024-11-21
5000001681,2024,2025-10-18,2025-10-18
5000001682,2025,2024-01-18,2024-01-18
5000001683,2025,2025-07-27,2025-07-29
5000001684,2025,2025-06-26,2025-06-27
5000001685,2025,2024-01-01,2024-01-03
5000001686,2024,2025-01-26,2025-01-28
5000001687,2024,2024-06-23,2024-06-25
5000001688,2024,2024-03-20,2024-03-20
5000001689,2025,2024-05-03,2024-05-04
5000001690,2024,2024-02-07,2024-02-08
5000001691,2024,2024-04-05,2024-04-05
5000001692,2025,2024-10-31,2024-11-01
5000001693,2025,2024-05-05,2024-05-08
5000001694,2024,2024-10-09,2024-10-10
5000001695,2025,2025-07-27,2025-07-28
5000001696,2025,2025-10-25,2025-10-25
5000001697,2025,2025-11-15,2025-11-16
5000001698,2024,2025-12-05,2025-12-08
5000001699,2025,2025-12-23,2025-12-23
5000001700,2024,2024-07-25,2024-07-26
5000001701,2025,2025-07-15,2025-07-18
5000001702,2025,2024-12-18,2024-12-20
5000001703,2024,2025-02-03,2025-02-05
5000001704,2024,2025-07-07,2025-07-09
5000001705,2025,2025-07-16,2025-07-16
5000001706,2025,2025-05-10,2025-05-11
5000001707,2024,2024-10-31,2024-11-01
5000001708,2024,2025-06-06,2025-06-07
5000001709,2025,2024-02-21,2024-02-23
5000001710,2024,2024-12-14,2024-12-16
5000001711,2025,2025-09-12,2025-09-14
5000001712,2025,2025-12-22,2025-12-23
5000001713,2024,2024-04-10,2024-04-13
5000001714,2025,2025-08-10,2025-08-12
5000001715,2025,2024-11-24,2024-11-26
5000001716,2025,2025-11-21,2025-11-24
5000001717,2025,2024-12-10,2024-12-11
5000001718,2024,2024-04-17,2024-04-17
5000001719,2025,2024-01-01,2024-01-01
5000001720,2024,2025-10-06,2025-10-08
5000001721,2025,2024-12-14,2024-12-15
5000001722,2025,2025-11-03,2025-11-06
5000001723,2025,2024-11-19,2024-11-22
5000001724,2024,2025-04-03,2025-04-03
5000001725,2025,2025-09-05,2025-09-06
5000001726,2025,2024-06-25,2024-06-27
5000001727,2024,2025-05-23,2025-05-25
5000001728,2024,2024-02-27,2024-02-27
5000001729,2024,2025-11-30,2025-11-30
5000001730,2024,2025-11-10,2025-11-12
5000001731,2024,2024-11-15,2024-11-18
5000001732,2025,2025-02-04,2025-02-06
5000001733,2025,2025-03-17,2025-03-20
5000001734,2024,2024-08-17,2024-08-20
5000001735,2024,2025-11-27,2025-11-27
5000001736,2024,2025-12-30,2026-01-02
5000001737,2025,2025-03-02,2025-03-04
5000001738,2025,2024-09-18,2024-09-20
5000001739,2024,2025-07-04,2025-07-05
5000001740,2025,2024-12-14,2024-12-17
5000001741,2025,2024-12-25,2024-12-28
5000001742,2025,2024-12-02,2024-12-02
5000001743,2025,2025-01-07,2025-01-10
5000001744,2024,2025-07-22,2025-07-22
5000001745,2024,2025-10-19,2025-10-19
5000001746,2025,2024-07-17,2024-07-20
5000001747,2025,2024-01-21,2024-01-21
5000001748,2024,2025-12-26,2025-12-28
5000001749,2024,2025-12-05,2025-12-06
5000001750,2024,2025-03-24,2025-03-25
5000001751,2025,2025-03-31,2025-04-01
5000001752,2024,2024-05-21,2024-05-21
5000001753,2024,2024-07-22,2024-07-24
5000001754,2024,2025-10-09,2025-10-09
5000001755,2024,2024-05-02,2024-05-05
5000001756,2024,2024-05-06,2024-05-07
5000001757,2025,2024-11-26,2024-11-29
5000001758,2024,2024-07-10,2024-07-13
5000001759,2024,2024-09-15,2024-09-17
5000001760,2024,2025-10-16,2025-10-16
5000001761,2024,2024-11-09,2024-11-11
5000001762,2024,2025-11-01,2025-11-04
5000001763,2025,2025-10-20,2025-10-23
5000001764,2024,2025-12-14,2025-12-14
5000001765,2024,2024-08-21,2024-08-24
5000001766,2024,2025-08-31,2025-08-31
5000001767,2025,2024-02-14,2024-02-17
5000001768,2025,2024-10-08,2024-10-09
5000001769,2025,2024-08-16,2024-08-17
5000001770,2024,2024-12-20,2024-12-23
5000001771,2024,2025-05-09,2025-05-12
5000001772,2024,2025-06-01,2025-06-04
5000001773,2025,2024-06-20,2024-06-22
5000001774,2025,2025-07-06,2025-07-09
5000001775,2025,2025-08-27,2025-08-29
5000001776,2025,2025-04-24,2025-04-26
5000001777,2025,2025-03-09,2025-03-09
5000001778,2025,2024-09-02,2024-09-05
5000001779,2025,2024-08-09,2024-08-09
5000001780,2024,2024-02-11,2024-02-13
5000001781,2024,2024-05-14,2024-05-15
5000001782,2025,2024-09-22,2024-09-24
5000001783,2025,2025-02-13,2025-02-15
5000001784,2024,2024-04-16,2024-04-19
5000001785,2024,2024-07-01,2024-07-03
5000001786,2025,2025-02-28,2025-03-02
5000001787,2024,2024-08-06,2024-08-09
5000001788,2025,2024-06-19,2024-06-21
5000001789,2025,2024-11-01,2024-11-03
5000001790,2024,2025-03-05,2025-03-06
5000001791,2024,2024-06-17,2024-06-18
5000001792,2024,2024-09-08,2024-09-09
5000001793,2025,2025-12-31,2025-12-31
5000001794,2025,2025-09-21,2025-09-24
5000001795,2025,2025-03-28,2025-03-31
5000001796,2024,2025-02-15,2025-02-16
5000001797,2025,2025-07-25,2025-07-26
5000001798,2025,2024-08-18,2024-08-20
5000001799,2024,2025-06-05,2025-06-07
5000001800,2025,2025-02-01,2025-02-04
5000001801,2025,2025-10-22,2025-10-23
5000001802,2025,2024-02-23,2024-02-23
5000001803,2025,2024-08-27,2024-08-29
5000001804,2025,2024-06-16,2024-06-19
5000001805,2025,2025-06-06,2025-06-09
5000001806,2024,2024-10-19,2024-10-22
5000001807,2024,2024-06-06,2024-06-08
5000001808,2024,2024-12-24,2024-12-26
5000001809,2024,2024-02-19,2024-02-22
5000001810,2025,2025-01-08,2025-01-11
5000001811,2025,2025-12-05,2025-12-06
5000001812,2024,2025-12-14,2025-12-17
5000001813,2025,2025-06-01,2025-06-01
5000001814,2024,2024-07-29,2024-08-01
5000001815,2025,2024-01-10,2024-01-10
5000001816,2025,2024-10-25,2024-10-25
5000001817,2025,2024-07-17,2024-07-20
5000001818,2024,2024-07-29,2024-07-29
5000001819,2024,2025-04-27,2025-04-28
5000001820,2024,2024-04-05,2024-04-06
5000001821,2025,2024-05-11,2024-05-14
5000001822,2024,2024-04-14,2024-04-16
5000001823,2024,2025-07-18,2025-07-18
5000001824,2025,2024-07-15,2024-07-17
5000001825,2024,2025-06-19,2025-06-20
5000001826,2025,2024-08-06,2024-08-06
5000001827,2025,2025-12-21,2025-12-24
5000001828,2024,2024-10-15,2024-10-15
5000001829,2025,2025-03-07,2025-03-07
5000001830,2024,2024-04-17,2024-04-17
5000001831,2025,2024-01-11,2024-01-11
5000001832,2024,2025-01-13,2025-01-14
5000001833,2025,2024-07-24,2024-07-27
5000001834,2025,2024-05-03,2024-05-04
5000001835,2024,2025-10-14,2025-10-15
5000001836,2025,2025-06-07,2025-06-09
5000001837,2025,2024-01-18,2024-01-20
5000001838,2024,2025-03-21,2025-03-23
5000001839,2025,2025-02-05,2025-02-08
5000001840,2025,2025-08-08,2025-08-09
5000001841,2025,2025-09-15,2025-09-17
5000001842,2025,2024-12-07,2024-12-09
5000001843,2025,2025-01-29,2025-01-29
5000001844,2024,2024-04-17,2024-04-19
5000001845,2024,2024-09-25,2024-09-25
5000001846,2024,2024-10-24,2024-10-26
5000001847,2024,2025-04-17,2025-04-17
5000001848,2025,2025-07-18,2025-07-19
5000001849,2024,2024-07-10,2024-07-11
5000001850,2025,2025-07-16,2025-07-19
5000001851,2025,2024-06-17,2024-06-17
5000001852,2025,2025-05-28,2025-05-29
5000001853,2025,2025-12-19,2025-12-20
5000001854,2025,2025-07-26,2025-07-26
5000001855,2024,2025-03-17,2025-03-19
5000001856,2024,2024-08-27,2024-08-30
5000001857,2024,2024-03-31,2024-03-31
5000001858,2025,2025-07-28,2025-07-28
5000001859,2024,2024-07-22,2024-07-25
5000001860,2024,2024-02-18,2024-02-20
5000001861,2024,2025-01-15,2025-01-15
5000001862,2025,2024-11-06,2024-11-06
5000001863,2025,2024-04-26,2024-04-27
5000001864,2025,2025-08-26,2025-08-29
5000001865,2024,2025-09-11,2025-09-12
5000001866,2024,2025-12-22,2025-12-22
5000001867,2025,2024-10-29,2024-10-30
5000001868,2025,2024-11-04,2024-11-07
5000001869,2024,2024-01-14,2024-01-14
5000001870,2025,2024-10-03,2024-10-03
5000001871,2024,2025-04-27,2025-04-27
5000001872,2024,2025-12-27,2025-12-30
5000001873,2024,2024-07-30,2024-08-01
5000001874,2024,2025-09-29,2025-10-02
5000001875,2024,2025-06-17,2025-06-19
5000001876,2024,2025-03-25,2025-03-27
5000001877,2024,2024-06-27,2024-06-30
5000001878,2025,2025-06-18,2025-06-18
5000001879,2025,2024-07-03,2024-07-04
5000001880,2025,2025-10-24,2025-10-27
5000001881,2024,2024-09-05,2024-09-08
5000001882,2024,2024-09-04,2024-09-04
5000001883,2025,2025-02-28,2025-03-01
5000001884,2025,2024-01-27,2024-01-28
5000001885,2024,2025-10-15,2025-10-17
5000001886,2025,2024-06-26,2024-06-28
5000001887,2024,2024-05-19,2024-05-20
5000001888,2025,2024-07-18,2024-07-18
5000001889,2025,2025-06-23,2025-06-26
5000001890,2024,2024-03-25,2024-03-26
5000001891,2024,2024-08-11,2024-08-14
5000001892,2024,2024-09-19,2024-09-20
5000001893,2025,2025-02-18,2025-02-19
5000001894,2025,2025-08-09,2025-08-11
5000001895,2024,2024-01-28,2024-01-31
5000001896,2025,2025-11-05,2025-11-06
5000001897,2025,2025-10-10,2025-10-10
5000001898,2025,2024-07-20,2024-07-23
5000001899,2025,2025-06-06,2025-06-07
5000001900,2024,2024-12-29,2024-12-31
5000001901,2025,2024-06-12,2024-06-15
5000001902,2024,2024-03-03,2024-03-04
5000001903,2024,2025-03-23,2025-03-26
5000001904,2025,2024-07-25,2024-07-26
5000001905,2025,2025-12-02,2025-12-05
5000001906,2025,2025-06-21,2025-06-24
5000001907,2024,2025-11-28,2025-12-01
5000001908,2025,2024-05-14,2024-05-16
5000001909,2025,2025-02-03,2025-02-05
5000001910,2024,2024-09-23,2024-09-26
5000001911,2024,2025-08-16,2025-08-16
5000001912,2024,2024-03-16,2024-03-17
5000001913,2025,2025-04-01,2025-04-04
5000001914,2025,2024-03-07,2024-03-07
5000001915,2025,2025-12-19,2025-12-19
5000001916,2024,2024-06-29,2024-06-30
5000001917,2024,2025-01-09,2025-01-09
5000001918,2024,2025-07-27,2025-07-28
5000001919,2024,2025-08-09,2025-08-11
5000001920,2025,2024-02-13,2024-02-15
5000001921,2024,2024-04-23,2024-04-26
5000001922,2024,2024-07-08,2024-07-09
5000001923,2025,2025-12-28,2025-12-30
5000001924,2025,2025-07-03,2025-07-03
5000001925,2025,2025-02-05,2025-02-08
5000001926,2024,2025-05-06,2025-05-08
5000001927,2025,2024-10-09,2024-10-12
5000001928,2025,2024-10-03,2024-10-06
5000001929,2025,2024-09-28,2024-10-01
5000001930,2024,2024-01-05,2024-01-08
5000001931,2024,2025-02-06,2025-02-06
5000001932,2025,2025-09-21,2025-09-21
5000001933,2024,2024-01-09,2024-01-09
5000001934,2025,2024-10-22,2024-10-22
5000001935,2025,2025-01-04,2025-01-05
5000001936,2024,2025-08-23,2025-08-24
5000001937,2025,2024-02-16,2024-02-16
5000001938,2024,2024-08-17,2024-08-20
5000001939,2025,2024-10-07,2024-10-08
5000001940,2024,2024-09-10,2024-09-11
5000001941,2024,2025-12-03,2025-12-04
5000001942,2024,2025-05-25,2025-05-27
5000001943,2025,2025-06-11,2025-06-11
5000001944,2024,2024-08-19,2024-08-21
5000001945,2025,2024-09-25,2024-09-25
5000001946,2024,2025-06-30,2025-07-02
5000001947,2025,2025-08-31,2025-09-02
5000001948,2024,2025-03-14,2025-03-15
5000001949,2024,2025-05-11,2025-05-13
5000001950,2024,2025-08-31,2025-09-01
5000001951,2024,2024-05-28,2024-05-31
5000001952,2025,2024-02-05,2024-02-07
5000001953,2025,2024-08-16,2024-08-17
5000001954,2024,2024-05-05,2024-05-06
5000001955,2024,2024-08-26,2024-08-29
5000001956,2024,2024-03-26,2024-03-29
5000001957,2025,2024-02-10,2024-02-13
5000001958,2025,2025-02-27,2025-03-01
5000001959,2025,2025-08-12,2025-08-13
5000001960,2025,2024-07-31,2024-08-01
5000001961,2024,2025-02-01,2025-02-03
5000001962,2025,2024-11-26,2024-11-27
5000001963,2025,2025-09-15,2025-09-15
5000001964,2025,2024-04-23,2024-04-23
5000001965,2025,2024-12-07,2024-12-08
5000001966,2024,2024-06-03,2024-06-06
5000001967,2025,2025-06-24,2025-06-26
5000001968,2025,2024-08-05,2024-08-06
5000001969,2025,2024-10-05,2024-10-06
5000001970,2024,2025-07-26,2025-07-27
5000001971,2024,2025-02-28,2025-02-28
5000001972,2025,2025-08-18,2025-08-21
5000001973,2025,2024-12-08,2024-12-09
5000001974,2024,2024-08-07,2024-08-10
5000001975,2025,2024-12-20,2024-12-20
5000001976,2024,2025-11-09,2025-11-11
5000001977,2025,2024-08-07,2024-08-10
5000001978,2024,2025-12-29,2026-01-01
5000001979,2024,2024-06-04,2024-06-06
5000001980,2024,2024-02-03,2024-02-03
5000001981,2024,2025-08-05,2025-08-07
5000001982,2025,2024-05-19,2024-05-20
5000001983,2024,2024-03-18,2024-03-18
5000001984,2025,2025-01-06,2025-01-09
5000001985,2025,2024-06-03,2024-06-05
5000001986,2024,2025-07-08,2025-07-10
5000001987,2025,2025-12-15,2025-12-15
5000001988,2024,2025-03-18,2025-03-18
5000001989,2024,2025-07-26,2025-07-28
5000001990,2025,2025-12-31,2026-01-03
5000001991,2025,2025-07-18,2025-07-20
5000001992,2025,2025-10-15,2025-10-15
5000001993,2025,2025-02-24,2025-02-26
5000001994,2025,2024-06-24,2024-06-24
5000001995,2025,2025-01-05,2025-01-06
5000001996,2024,2025-01-10,2025-01-11
5000001997,2024,2025-05-21,2025-05-24
5000001998,2024,2025-05-12,2025-05-15
5000001999,2025,2024-11-12,2024-11-12
